ID,Nome,Categoria,Espécie,tipo 1,tipo 2,peso kg,ataque,defesa,velocidade,habilidade 1,habilidade,habilidade oculta
0,Bulbasaur,Normal,Seed Pokémon,Grass,Poison,69,49,49,45,Overgrow,,Chlorophyll
1,Ivysaur,Normal,Seed Pokémon,Grass,Poison,130,62,63,60,Overgrow,,Chlorophyll
2,Venusaur,Normal,Seed Pokémon,Grass,Poison,1000,82,83,80,Overgrow,,Chlorophyll
3,Mega Venusaur,Normal,Seed Pokémon,Grass,Poison,1555,100,123,80,Thick Fat,,
4,Charmander,Normal,Lizard Pokémon,Fire,,85,52,43,65,Blaze,,Solar Power
5,Charmeleon,Normal,Flame Pokémon,Fire,,190,64,58,80,Blaze,,Solar Power
6,Charizard,Normal,Flame Pokémon,Fire,Flying,905,84,78,100,Blaze,,Solar Power
7,Mega Charizard X,Normal,Flame Pokémon,Fire,Dragon,1105,130,111,100,Tough Claws,,
8,Mega Charizard Y,Normal,Flame Pokémon,Fire,Flying,1005,104,78,100,Drought,,
9,Squirtle,Normal,Tiny Turtle Pokémon,Water,,90,48,65,43,Torrent,,Rain Dish
10,Wartortle,Normal,Turtle Pokémon,Water,,225,63,80,58,Torrent,,Rain Dish
11,Blastoise,Normal,Shellfish Pokémon,Water,,855,83,100,78,Torrent,,Rain Dish
12,Mega Blastoise,Normal,Shellfish Pokémon,Water,,1011,103,120,78,Mega Launcher,,
13,Caterpie,Normal,Worm Pokémon,Bug,,29,30,35,45,Shield Dust,,Run Away
14,Metapod,Normal,Cocoon Pokémon,Bug,,99,20,55,30,Shed Skin,,
15,Butterfree,Normal,Butterfly Pokémon,Bug,Flying,320,45,50,70,Compound Eyes,,Tinted Lens
16,Weedle,Normal,Hairy Bug Pokémon,Bug,Poison,32,35,30,50,Shield Dust,,Run Away
17,Kakuna,Normal,Cocoon Pokémon,Bug,Poison,100,25,50,35,Shed Skin,,
18,Beedrill,Normal,Poison Bee Pokémon,Bug,Poison,295,90,40,75,Swarm,,Sniper
19,Mega Beedrill,Normal,Poison Bee Pokémon,Bug,Poison,405,150,40,145,Adaptability,,
20,Pidgey,Normal,Tiny Bird Pokémon,Normal,Flying,18,45,40,56,Keen Eye,Tangled Feet,Big Pecks
21,Pidgeotto,Normal,Bird Pokémon,Normal,Flying,300,60,55,71,Keen Eye,Tangled Feet,Big Pecks
22,Pidgeot,Normal,Bird Pokémon,Normal,Flying,395,80,75,101,Keen Eye,Tangled Feet,Big Pecks
23,Mega Pidgeot,Normal,Bird Pokémon,Normal,Flying,505,80,80,121,No Guard,,
24,Rattata,Normal,Mouse Pokémon,Normal,,35,56,35,72,Run Away,Guts,Hustle
25,Alolan Rattata,Normal,Mouse Pokémon,Dark,Normal,38,56,35,72,Gluttony,Hustle,Thick Fat
26,Raticate,Normal,Mouse Pokémon,Normal,,185,81,60,97,Run Away,Guts,Hustle
27,Alolan Raticate,Normal,Mouse Pokémon,Dark,Normal,255,71,70,77,Gluttony,Hustle,Thick Fat
28,Spearow,Normal,Tiny Bird Pokémon,Normal,Flying,20,60,30,70,Keen Eye,,Sniper
29,Fearow,Normal,Beak Pokémon,Normal,Flying,380,90,65,100,Keen Eye,,Sniper
30,Ekans,Normal,Snake Pokémon,Poison,,69,60,44,55,Intimidate,Shed Skin,Unnerve
31,Arbok,Normal,Cobra Pokémon,Poison,,650,95,69,80,Intimidate,Shed Skin,Unnerve
32,Pikachu,Normal,Mouse Pokémon,Electric,,60,55,40,90,Static,,Lightning Rod
33,Partner Pikachu,Normal,Mouse Pokémon,Electric,,60,80,50,120,,,Lightning Rod
34,Raichu,Normal,Mouse Pokémon,Electric,,300,90,55,110,Static,,Lightning Rod
35,Alolan Raichu,Normal,Mouse Pokémon,Electric,Psychic,210,85,50,110,Surge Surfer,,
36,Sandshrew,Normal,Mouse Pokémon,Ground,,120,75,85,40,Sand Veil,,Sand Rush
37,Alolan Sandshrew,Normal,Mouse Pokémon,Ice,Steel,400,75,90,40,Snow Cloak,,Slush Rush
38,Sandslash,Normal,Mouse Pokémon,Ground,,295,100,110,65,Sand Veil,,Sand Rush
39,Alolan Sandslash,Normal,Mouse Pokémon,Ice,Steel,550,100,120,65,Snow Cloak,,Slush Rush
40,Nidoran?,Normal,Poison Pin Pokémon,Poison,,70,47,52,41,Poison Point,Rivalry,Hustle
41,Nidorina,Normal,Poison Pin Pokémon,Poison,,200,62,67,56,Poison Point,Rivalry,Hustle
42,Nidoqueen,Normal,Drill Pokémon,Poison,Ground,600,92,87,76,Poison Point,Rivalry,Sheer Force
43,Nidoran?,Normal,Poison Pin Pokémon,Poison,,90,57,40,50,Poison Point,Rivalry,Hustle
44,Nidorino,Normal,Poison Pin Pokémon,Poison,,195,72,57,65,Poison Point,Rivalry,Hustle
45,Nidoking,Normal,Drill Pokémon,Poison,Ground,620,102,77,85,Poison Point,Rivalry,Sheer Force
46,Clefairy,Normal,Fairy Pokémon,Fairy,,75,45,48,35,Cute Charm,Magic Guard,Friend Guard
47,Clefable,Normal,Fairy Pokémon,Fairy,,400,70,73,60,Cute Charm,Magic Guard,Unaware
48,Vulpix,Normal,Fox Pokémon,Fire,,99,41,40,65,Flash Fire,,Drought
49,Alolan Vulpix,Normal,Fox Pokémon,Ice,,99,41,40,65,Snow Cloak,,Snow Warning
50,Ninetales,Normal,Fox Pokémon,Fire,,199,76,75,100,Flash Fire,,Drought
51,Alolan Ninetales,Normal,Fox Pokémon,Ice,Fairy,199,67,75,109,Snow Cloak,,Snow Warning
52,Jigglypuff,Normal,Balloon Pokémon,Normal,Fairy,55,45,20,20,Cute Charm,Competitive,Friend Guard
53,Wigglytuff,Normal,Balloon Pokémon,Normal,Fairy,120,70,45,45,Cute Charm,Competitive,Frisk
54,Zubat,Normal,Bat Pokémon,Poison,Flying,75,45,35,55,Inner Focus,,Infiltrator
55,Golbat,Normal,Bat Pokémon,Poison,Flying,550,80,70,90,Inner Focus,,Infiltrator
56,Oddish,Normal,Weed Pokémon,Grass,Poison,54,50,55,30,Chlorophyll,,Run Away
57,Gloom,Normal,Weed Pokémon,Grass,Poison,86,65,70,40,Chlorophyll,,Stench
58,Vileplume,Normal,Flower Pokémon,Grass,Poison,186,80,85,50,Chlorophyll,,Effect Spore
59,Paras,Normal,Mushroom Pokémon,Bug,Grass,54,70,55,25,Effect Spore,Dry Skin,Damp
60,Parasect,Normal,Mushroom Pokémon,Bug,Grass,295,95,80,30,Effect Spore,Dry Skin,Damp
61,Venonat,Normal,Insect Pokémon,Bug,Poison,300,55,50,45,Compound Eyes,Tinted Lens,Run Away
62,Venomoth,Normal,Poison Moth Pokémon,Bug,Poison,125,65,60,90,Shield Dust,Tinted Lens,Wonder Skin
63,Diglett,Normal,Mole Pokémon,Ground,,8,55,25,95,Sand Veil,Arena Trap,Sand Force
64,Alolan Diglett,Normal,Mole Pokémon,Ground,Steel,10,55,30,90,Sand Veil,Tangling Hair,Sand Force
65,Dugtrio,Normal,Mole Pokémon,Ground,,333,100,50,120,Sand Veil,Arena Trap,Sand Force
66,Alolan Dugtrio,Normal,Mole Pokémon,Ground,Steel,666,100,60,110,Sand Veil,Tangling Hair,Sand Force
67,Meowth,Normal,Scratch Cat Pokémon,Normal,,42,45,35,90,Pickup,Technician,Unnerve
68,Alolan Meowth,Normal,Scratch Cat Pokémon,Dark,,42,35,35,90,Pickup,Technician,Rattled
69,Galarian Meowth,Normal,Scratch Cat Pokémon,Steel,,75,65,55,40,Pickup,Tough Claws,Unnerve
70,Persian,Normal,Classy Cat Pokémon,Normal,,320,70,60,115,Limber,Technician,Unnerve
71,Alolan Persian,Normal,Classy Cat Pokémon,Dark,,330,60,60,115,Fur Coat,Technician,Rattled
72,Psyduck,Normal,Duck Pokémon,Water,,196,52,48,55,Damp,Cloud Nine,Swift Swim
73,Golduck,Normal,Duck Pokémon,Water,,766,82,78,85,Damp,Cloud Nine,Swift Swim
74,Mankey,Normal,Pig Monkey Pokémon,Fighting,,280,80,35,70,Vital Spirit,Anger Point,Defiant
75,Primeape,Normal,Pig Monkey Pokémon,Fighting,,320,105,60,95,Vital Spirit,Anger Point,Defiant
76,Growlithe,Normal,Puppy Pokémon,Fire,,190,70,45,60,Intimidate,Flash Fire,Justified
77,Arcanine,Normal,Legendary Pokémon,Fire,,1550,110,80,95,Intimidate,Flash Fire,Justified
78,Poliwag,Normal,Tadpole Pokémon,Water,,124,50,40,90,Water Absorb,Damp,Swift Swim
79,Poliwhirl,Normal,Tadpole Pokémon,Water,,200,65,65,90,Water Absorb,Damp,Swift Swim
80,Poliwrath,Normal,Tadpole Pokémon,Water,Fighting,540,95,95,70,Water Absorb,Damp,Swift Swim
81,Abra,Normal,Psi Pokémon,Psychic,,195,20,15,90,Synchronize,Inner Focus,Magic Guard
82,Kadabra,Normal,Psi Pokémon,Psychic,,565,35,30,105,Synchronize,Inner Focus,Magic Guard
83,Alakazam,Normal,Psi Pokémon,Psychic,,480,50,45,120,Synchronize,Inner Focus,Magic Guard
84,Mega Alakazam,Normal,Psi Pokémon,Psychic,,480,50,65,150,Trace,,
85,Machop,Normal,Superpower Pokémon,Fighting,,195,80,50,35,Guts,No Guard,Steadfast
86,Machoke,Normal,Superpower Pokémon,Fighting,,705,100,70,45,Guts,No Guard,Steadfast
87,Machamp,Normal,Superpower Pokémon,Fighting,,1300,130,80,55,Guts,No Guard,Steadfast
88,Bellsprout,Normal,Flower Pokémon,Grass,Poison,40,75,35,40,Chlorophyll,,Gluttony
89,Weepinbell,Normal,Flycatcher Pokémon,Grass,Poison,64,90,50,55,Chlorophyll,,Gluttony
90,Victreebel,Normal,Flycatcher Pokémon,Grass,Poison,155,105,65,70,Chlorophyll,,Gluttony
91,Tentacool,Normal,Jellyfish Pokémon,Water,Poison,455,40,35,70,Clear Body,Liquid Ooze,Rain Dish
92,Tentacruel,Normal,Jellyfish Pokémon,Water,Poison,550,70,65,100,Clear Body,Liquid Ooze,Rain Dish
93,Geodude,Normal,Rock Pokémon,Rock,Ground,200,80,100,20,Rock Head,Sturdy,Sand Veil
94,Alolan Geodude,Normal,Rock Pokémon,Rock,Electric,203,80,100,20,Magnet Pull,Sturdy,Galvanize
95,Graveler,Normal,Rock Pokémon,Rock,Ground,1050,95,115,35,Rock Head,Sturdy,Sand Veil
96,Alolan Graveler,Normal,Rock Pokémon,Rock,Electric,1100,95,115,35,Magnet Pull,Sturdy,Galvanize
97,Golem,Normal,Megaton Pokémon,Rock,Ground,3000,120,130,45,Rock Head,Sturdy,Sand Veil
98,Alolan Golem,Normal,Megaton Pokémon,Rock,Electric,3160,120,130,45,Magnet Pull,Sturdy,Galvanize
99,Ponyta,Normal,Fire Horse Pokémon,Fire,,300,85,55,90,Run Away,Flash Fire,Flame Body
100,Galarian Ponyta,Normal,Unique Horn Pokémon,Psychic,,240,85,55,90,Run Away,Pastel Veil,Anticipation
101,Rapidash,Normal,Fire Horse Pokémon,Fire,,950,100,70,105,Run Away,Flash Fire,Flame Body
102,Galarian Rapidash,Normal,Unique Horn Pokémon,Psychic,Fairy,800,100,70,105,Run Away,Pastel Veil,Anticipation
103,Slowpoke,Normal,Dopey Pokémon,Water,Psychic,360,650,650,150,Oblivious,Own Tempo,Regenerator
104,Slowbro,Normal,Hermit Crab Pokémon,Water,Psychic,785,750,1100,300,Oblivious,Own Tempo,Regenerator
105,Mega Slowbro,Normal,Hermit Crab Pokémon,Water,Psychic,1200,750,1800,300,Shell Armor,,
106,Magnemite,Normal,Magnet Pokémon,Electric,Steel,60,35,70,45,Magnet Pull,Sturdy,Analytic
107,Magneton,Normal,Magnet Pokémon,Electric,Steel,600,60,95,70,Magnet Pull,Sturdy,Analytic
108,Farfetch'd,Normal,Wild Duck Pokémon,Normal,Flying,150,90,55,60,Keen Eye,Inner Focus,Defiant
109,Galarian Farfetch'd,Normal,Wild Duck Pokémon,Fighting,,420,95,55,55,Steadfast,,Scrappy
110,Doduo,Normal,Twin Bird Pokémon,Normal,Flying,392,85,45,75,Run Away,Early Bird,Tangled Feet
111,Dodrio,Normal,Triple Bird Pokémon,Normal,Flying,852,110,70,110,Run Away,Early Bird,Tangled Feet
112,Seel,Normal,Sea Lion Pokémon,Water,,900,45,55,45,Thick Fat,Hydration,Ice Body
113,Dewgong,Normal,Sea Lion Pokémon,Water,Ice,1200,70,80,70,Thick Fat,Hydration,Ice Body
114,Grimer,Normal,Sludge Pokémon,Poison,,300,80,50,25,Stench,Sticky Hold,Poison Touch
115,Alolan Grimer,Normal,Sludge Pokémon,Poison,Dark,420,80,50,25,Poison Touch,Gluttony,Power of Alchemy
116,Muk,Normal,Sludge Pokémon,Poison,,300,105,75,50,Stench,Sticky Hold,Poison Touch
117,Alolan Muk,Normal,Sludge Pokémon,Poison,Dark,520,105,75,50,Poison Touch,Gluttony,Power of Alchemy
118,Shellder,Normal,Bivalve Pokémon,Water,,40,65,100,40,Shell Armor,Skill Link,Overcoat
119,Cloyster,Normal,Bivalve Pokémon,Water,Ice,1325,95,180,70,Shell Armor,Skill Link,Overcoat
120,Gastly,Normal,Gas Pokémon,Ghost,Poison,1,35,30,80,Levitate,,
121,Haunter,Normal,Gas Pokémon,Ghost,Poison,1,50,45,95,Levitate,,
122,Gengar,Normal,Shadow Pokémon,Ghost,Poison,405,65,60,110,Cursed Body,,
123,Mega Gengar,Normal,Shadow Pokémon,Ghost,Poison,405,65,80,130,Shadow Tag,,
124,Onix,Normal,Rock Snake Pokémon,Rock,Ground,2100,45,160,70,Rock Head,Sturdy,Weak Armor
125,Drowzee,Normal,Hypnosis Pokémon,Psychic,,324,48,45,42,Insomnia,Forewarn,Inner Focus
126,Hypno,Normal,Hypnosis Pokémon,Psychic,,756,73,70,67,Insomnia,Forewarn,Inner Focus
127,Krabby,Normal,River Crab Pokémon,Water,,65,105,90,50,Hyper Cutter,Shell Armor,Sheer Force
128,Kingler,Normal,Pincer Pokémon,Water,,600,130,115,75,Hyper Cutter,Shell Armor,Sheer Force
129,Voltorb,Normal,Ball Pokémon,Electric,,104,30,50,100,Soundproof,Static,Aftermath
130,Electrode,Normal,Ball Pokémon,Electric,,666,50,70,150,Soundproof,Static,Aftermath
131,Exeggcute,Normal,Egg Pokémon,Grass,Psychic,25,40,80,40,Chlorophyll,,Harvest
132,Exeggutor,Normal,Coconut Pokémon,Grass,Psychic,1200,95,85,55,Chlorophyll,,Harvest
133,Alolan Exeggutor,Normal,Coconut Pokémon,Grass,Dragon,4156,105,85,45,Frisk,,Harvest
134,Cubone,Normal,Lonely Pokémon,Ground,,65,50,95,35,Rock Head,Lightning Rod,Battle Armor
135,Marowak,Normal,Bone Keeper Pokémon,Ground,,450,80,110,45,Rock Head,Lightning Rod,Battle Armor
136,Alolan Marowak,Normal,Bone Keeper Pokémon,Fire,Ghost,340,80,110,45,Cursed Body,Lightning Rod,Rock Head
137,Hitmonlee,Normal,Kicking Pokémon,Fighting,,498,120,53,87,Limber,Reckless,Unburden
138,Hitmonchan,Normal,Punching Pokémon,Fighting,,502,105,79,76,Keen Eye,Iron Fist,Inner Focus
139,Lickitung,Normal,Licking Pokémon,Normal,,655,55,75,30,Own Tempo,Oblivious,Cloud Nine
140,Koffing,Normal,Poison Gas Pokémon,Poison,,10,65,95,35,Levitate,Neutralizing Gas,Stench
141,Weezing,Normal,Poison Gas Pokémon,Poison,,95,90,120,60,Levitate,Neutralizing Gas,Stench
142,Galarian Weezing,Normal,Poison Gas Pokémon,Poison,Fairy,160,90,120,60,Levitate,Neutralizing Gas,Misty Surge
143,Rhyhorn,Normal,Spikes Pokémon,Ground,Rock,1150,85,95,25,Lightning Rod,Rock Head,Reckless
144,Rhydon,Normal,Drill Pokémon,Ground,Rock,1200,130,120,40,Lightning Rod,Rock Head,Reckless
145,Chansey,Normal,Egg Pokémon,Normal,,346,5,5,50,Natural Cure,Serene Grace,Healer
146,Tangela,Normal,Vine Pokémon,Grass,,350,55,115,60,Chlorophyll,Leaf Guard,Regenerator
147,Kangaskhan,Normal,Parent Pokémon,Normal,,800,95,80,90,Early Bird,Scrappy,Inner Focus
148,Mega Kangaskhan,Normal,Parent Pokémon,Normal,,1000,125,100,100,Parental Bond,,
149,Horsea,Normal,Dragon Pokémon,Water,,80,40,70,60,Swift Swim,Sniper,Damp
150,Seadra,Normal,Dragon Pokémon,Water,,250,65,95,85,Poison Point,Sniper,Damp
151,Goldeen,Normal,Goldfish Pokémon,Water,,150,67,60,63,Swift Swim,Water Veil,Lightning Rod
152,Seaking,Normal,Goldfish Pokémon,Water,,390,92,65,68,Swift Swim,Water Veil,Lightning Rod
153,Staryu,Normal,Star Shape Pokémon,Water,,345,45,55,85,Illuminate,Natural Cure,Analytic
154,Starmie,Normal,Mysterious Pokémon,Water,Psychic,800,75,85,115,Illuminate,Natural Cure,Analytic
155,Mr. Mime,Normal,Barrier Pokémon,Psychic,Fairy,545,45,65,90,Soundproof,Filter,Technician
156,Galarian Mr. Mime,Normal,Dancing Pokémon,Psychic,Ice,568,65,65,100,Vital Spirit,Screen Cleaner,Ice Body
157,Scyther,Normal,Mantis Pokémon,Bug,Flying,560,110,80,105,Swarm,Technician,Steadfast
158,Jynx,Normal,Human Shape Pokémon,Ice,Psychic,406,50,35,95,Oblivious,Forewarn,Dry Skin
159,Electabuzz,Normal,Electric Pokémon,Electric,,300,83,57,105,Static,,Vital Spirit
160,Magmar,Normal,Spitfire Pokémon,Fire,,445,95,57,93,Flame Body,,Vital Spirit
161,Pinsir,Normal,Stag Beetle Pokémon,Bug,,550,125,100,85,Hyper Cutter,Mold Breaker,Moxie
162,Mega Pinsir,Normal,Stag Beetle Pokémon,Bug,Flying,590,155,120,105,Aerilate,,
163,Tauros,Normal,Wild Bull Pokémon,Normal,,884,100,95,110,Intimidate,Anger Point,Sheer Force
164,Magikarp,Normal,Fish Pokémon,Water,,100,10,55,80,Swift Swim,,Rattled
165,Gyarados,Normal,Atrocious Pokémon,Water,Flying,2350,125,79,81,Intimidate,,Moxie
166,Mega Gyarados,Normal,Atrocious Pokémon,Water,Dark,3050,155,109,81,Mold Breaker,,
167,Lapras,Normal,Transport Pokémon,Water,Ice,2200,85,80,60,Water Absorb,Shell Armor,Hydration
168,Ditto,Normal,Transform Pokémon,Normal,,40,48,48,48,Limber,,Imposter
169,Eevee,Normal,Evolution Pokémon,Normal,,65,55,50,55,Run Away,Adaptability,Anticipation
170,Partner Eevee,Normal,Evolution Pokémon,Normal,,65,75,70,75,,,Anticipation
171,Vaporeon,Normal,Bubble Jet Pokémon,Water,,290,65,60,65,Water Absorb,,Hydration
172,Jolteon,Normal,Lightning Pokémon,Electric,,245,65,60,130,Volt Absorb,,Quick Feet
173,Flareon,Normal,Flame Pokémon,Fire,,250,130,60,65,Flash Fire,,Guts
174,Porygon,Normal,Virtual Pokémon,Normal,,365,60,70,40,Trace,Download,Analytic
175,Omanyte,Normal,Spiral Pokémon,Rock,Water,75,40,100,35,Swift Swim,Shell Armor,Weak Armor
176,Omastar,Normal,Spiral Pokémon,Rock,Water,350,60,125,55,Swift Swim,Shell Armor,Weak Armor
177,Kabuto,Normal,Shellfish Pokémon,Rock,Water,115,80,90,55,Swift Swim,Battle Armor,Weak Armor
178,Kabutops,Normal,Shellfish Pokémon,Rock,Water,405,115,105,80,Swift Swim,Battle Armor,Weak Armor
179,Aerodactyl,Normal,Fossil Pokémon,Rock,Flying,590,105,65,130,Rock Head,Pressure,Unnerve
180,Mega Aerodactyl,Normal,Fossil Pokémon,Rock,Flying,790,135,85,150,Tough Claws,,
181,Snorlax,Normal,Sleeping Pokémon,Normal,,4600,110,65,30,Immunity,Thick Fat,Gluttony
182,Articuno,Sub Legendary,Freeze Pokémon,Ice,Flying,554,85,100,85,Pressure,,Snow Cloak
183,Zapdos,Sub Legendary,Electric Pokémon,Electric,Flying,526,90,85,100,Pressure,,Static
184,Moltres,Sub Legendary,Flame Pokémon,Fire,Flying,600,100,90,90,Pressure,,Flame Body
185,Dratini,Normal,Dragon Pokémon,Dragon,,33,64,45,50,Shed Skin,,Marvel Scale
186,Dragonair,Normal,Dragon Pokémon,Dragon,,165,84,65,70,Shed Skin,,Marvel Scale
187,Dragonite,Normal,Dragon Pokémon,Dragon,Flying,2100,134,95,80,Inner Focus,,Multiscale
188,Mewtwo,Legendary,Genetic Pokémon,Psychic,,1220,110,90,130,Pressure,,Unnerve
189,Mega Mewtwo X,Legendary,Genetic Pokémon,Psychic,Fighting,1270,190,100,130,Steadfast,,
190,Mega Mewtwo Y,Legendary,Genetic Pokémon,Psychic,,330,150,70,140,Insomnia,,
191,Mew,Mythical,New Species Pokémon,Psychic,,40,100,100,100,Synchronize,,
192,Chikorita,Normal,Leaf Pokémon,Grass,,64,49,65,45,Overgrow,,Leaf Guard
193,Bayleef,Normal,Leaf Pokémon,Grass,,158,62,80,60,Overgrow,,Leaf Guard
194,Meganium,Normal,Herb Pokémon,Grass,,1005,82,100,80,Overgrow,,Leaf Guard
195,Cyndaquil,Normal,Fire Mouse Pokémon,Fire,,79,52,43,65,Blaze,,Flash Fire
196,Quilava,Normal,Volcano Pokémon,Fire,,190,64,58,80,Blaze,,Flash Fire
197,Typhlosion,Normal,Volcano Pokémon,Fire,,795,84,78,100,Blaze,,Flash Fire
198,Totodile,Normal,Big Jaw Pokémon,Water,,95,65,64,43,Torrent,,Sheer Force
199,Croconaw,Normal,Big Jaw Pokémon,Water,,250,80,80,58,Torrent,,Sheer Force
200,Feraligatr,Normal,Big Jaw Pokémon,Water,,888,105,100,78,Torrent,,Sheer Force
201,Sentret,Normal,Scout Pokémon,Normal,,60,46,34,20,Run Away,Keen Eye,Frisk
202,Furret,Normal,Long Body Pokémon,Normal,,325,76,64,90,Run Away,Keen Eye,Frisk
203,Hoothoot,Normal,Owl Pokémon,Normal,Flying,212,30,30,50,Insomnia,Keen Eye,Tinted Lens
204,Noctowl,Normal,Owl Pokémon,Normal,Flying,408,50,50,70,Insomnia,Keen Eye,Tinted Lens
205,Ledyba,Normal,Five Star Pokémon,Bug,Flying,108,20,30,55,Swarm,Early Bird,Rattled
206,Ledian,Normal,Five Star Pokémon,Bug,Flying,356,35,50,85,Swarm,Early Bird,Iron Fist
207,Spinarak,Normal,String Spit Pokémon,Bug,Poison,85,60,40,30,Swarm,Insomnia,Sniper
208,Ariados,Normal,Long Leg Pokémon,Bug,Poison,335,90,70,40,Swarm,Insomnia,Sniper
209,Crobat,Normal,Bat Pokémon,Poison,Flying,750,90,80,130,Inner Focus,,Infiltrator
210,Chinchou,Normal,Angler Pokémon,Water,Electric,120,38,38,67,Volt Absorb,Illuminate,Water Absorb
211,Lanturn,Normal,Light Pokémon,Water,Electric,225,58,58,67,Volt Absorb,Illuminate,Water Absorb
212,Pichu,Normal,Tiny Mouse Pokémon,Electric,,20,40,15,60,Static,,Lightning Rod
213,Cleffa,Normal,Star Shape Pokémon,Fairy,,30,25,28,15,Cute Charm,Magic Guard,Friend Guard
214,Igglybuff,Normal,Balloon Pokémon,Normal,Fairy,10,30,15,15,Cute Charm,Competitive,Friend Guard
215,Togepi,Normal,Spike Ball Pokémon,Fairy,,15,20,65,20,Hustle,Serene Grace,Super Luck
216,Togetic,Normal,Happiness Pokémon,Fairy,Flying,32,40,85,40,Hustle,Serene Grace,Super Luck
217,Natu,Normal,Tiny Bird Pokémon,Psychic,Flying,20,50,45,70,Synchronize,Early Bird,Magic Bounce
218,Xatu,Normal,Mystic Pokémon,Psychic,Flying,150,75,70,95,Synchronize,Early Bird,Magic Bounce
219,Mareep,Normal,Wool Pokémon,Electric,,78,40,40,35,Static,,Plus
220,Flaaffy,Normal,Wool Pokémon,Electric,,133,55,55,45,Static,,Plus
221,Ampharos,Normal,Light Pokémon,Electric,,615,75,85,55,Static,,Plus
222,Mega Ampharos,Normal,Light Pokémon,Electric,Dragon,615,95,105,45,Mold Breaker,,
223,Bellossom,Normal,Flower Pokémon,Grass,,58,80,95,50,Chlorophyll,,Healer
224,Marill,Normal,Aqua Mouse Pokémon,Water,Fairy,85,20,50,40,Thick Fat,Huge Power,Sap Sipper
225,Azumarill,Normal,Aqua Rabbit Pokémon,Water,Fairy,285,50,80,50,Thick Fat,Huge Power,Sap Sipper
226,Sudowoodo,Normal,Imitation Pokémon,Rock,,380,100,115,30,Sturdy,Rock Head,Rattled
227,Politoed,Normal,Frog Pokémon,Water,,339,75,75,70,Water Absorb,Damp,Drizzle
228,Hoppip,Normal,Cottonweed Pokémon,Grass,Flying,5,35,40,50,Chlorophyll,Leaf Guard,Infiltrator
229,Skiploom,Normal,Cottonweed Pokémon,Grass,Flying,10,45,50,80,Chlorophyll,Leaf Guard,Infiltrator
230,Jumpluff,Normal,Cottonweed Pokémon,Grass,Flying,30,55,70,110,Chlorophyll,Leaf Guard,Infiltrator
231,Aipom,Normal,Long Tail Pokémon,Normal,,115,70,55,85,Run Away,Pickup,Skill Link
232,Sunkern,Normal,Seed Pokémon,Grass,,18,30,30,30,Chlorophyll,Solar Power,Early Bird
233,Sunflora,Normal,Sun Pokémon,Grass,,85,75,55,30,Chlorophyll,Solar Power,Early Bird
234,Yanma,Normal,Clear Wing Pokémon,Bug,Flying,380,65,45,95,Speed Boost,Compound Eyes,Frisk
235,Wooper,Normal,Water Fish Pokémon,Water,Ground,85,45,45,15,Damp,Water Absorb,Unaware
236,Quagsire,Normal,Water Fish Pokémon,Water,Ground,750,85,85,35,Damp,Water Absorb,Unaware
237,Espeon,Normal,Sun Pokémon,Psychic,,265,65,60,110,Synchronize,,Magic Bounce
238,Umbreon,Normal,Moonlight Pokémon,Dark,,270,65,110,65,Synchronize,,Inner Focus
239,Murkrow,Normal,Darkness Pokémon,Dark,Flying,21,85,42,91,Insomnia,Super Luck,Prankster
240,Slowking,Normal,Royal Pokémon,Water,Psychic,795,750,800,300,Oblivious,Own Tempo,Regenerator
241,Misdreavus,Normal,Screech Pokémon,Ghost,,10,60,60,85,Levitate,,
242,Unown,Normal,Symbol Pokémon,Psychic,,50,72,48,48,Levitate,,
243,Wobbuffet,Normal,Patient Pokémon,Psychic,,285,33,58,33,Shadow Tag,,Telepathy
244,Girafarig,Normal,Long Neck Pokémon,Normal,Psychic,415,80,65,85,Inner Focus,Early Bird,Sap Sipper
245,Pineco,Normal,Bagworm Pokémon,Bug,,72,65,90,15,Sturdy,,Overcoat
246,Forretress,Normal,Bagworm Pokémon,Bug,Steel,1258,90,140,40,Sturdy,,Overcoat
247,Dunsparce,Normal,Land Snake Pokémon,Normal,,140,70,70,45,Serene Grace,Run Away,Rattled
248,Gligar,Normal,FlyScorpion Pokémon,Ground,Flying,648,75,105,85,Hyper Cutter,Sand Veil,Immunity
249,Steelix,Normal,Iron Snake Pokémon,Steel,Ground,4000,85,200,30,Rock Head,Sturdy,Sheer Force
250,Mega Steelix,Normal,Iron Snake Pokémon,Steel,Ground,7400,125,230,30,Sand Force,,
251,Snubbull,Normal,Fairy Pokémon,Fairy,,78,80,50,30,Intimidate,Run Away,Rattled
252,Granbull,Normal,Fairy Pokémon,Fairy,,487,120,75,45,Intimidate,Quick Feet,Rattled
253,Qwilfish,Normal,Balloon Pokémon,Water,Poison,39,95,85,85,Poison Point,Swift Swim,Intimidate
254,Scizor,Normal,Pincer Pokémon,Bug,Steel,1180,130,100,65,Swarm,Technician,Light Metal
255,Mega Scizor,Normal,Pincer Pokémon,Bug,Steel,1250,150,140,75,Technician,,
256,Shuckle,Normal,Mold Pokémon,Bug,Rock,205,10,230,5,Sturdy,Gluttony,Contrary
257,Heracross,Normal,Single Horn Pokémon,Bug,Fighting,540,125,75,85,Swarm,Guts,Moxie
258,Mega Heracross,Normal,Single Horn Pokémon,Bug,Fighting,625,185,115,75,Skill Link,,
259,Sneasel,Normal,Sharp Claw Pokémon,Dark,Ice,280,95,55,115,Inner Focus,Keen Eye,Pickpocket
260,Teddiursa,Normal,Little Bear Pokémon,Normal,,88,80,50,40,Pickup,Quick Feet,Honey Gather
261,Ursaring,Normal,Hibernator Pokémon,Normal,,1258,130,75,55,Guts,Quick Feet,Unnerve
262,Slugma,Normal,Lava Pokémon,Fire,,350,40,40,20,Magma Armor,Flame Body,Weak Armor
263,Magcargo,Normal,Lava Pokémon,Fire,Rock,550,50,120,30,Magma Armor,Flame Body,Weak Armor
264,Swinub,Normal,Pig Pokémon,Ice,Ground,65,50,40,50,Oblivious,Snow Cloak,Thick Fat
265,Piloswine,Normal,Swine Pokémon,Ice,Ground,558,100,80,50,Oblivious,Snow Cloak,Thick Fat
266,Corsola,Normal,Coral Pokémon,Water,Rock,50,55,95,35,Hustle,Natural Cure,Regenerator
267,Galarian Corsola,Normal,Coral Pokémon,Ghost,,5,55,100,30,Weak Armor,,Cursed Body
268,Remoraid,Normal,Jet Pokémon,Water,,120,65,35,65,Hustle,Sniper,Moody
269,Octillery,Normal,Jet Pokémon,Water,,285,105,75,45,Suction Cups,Sniper,Moody
270,Delibird,Normal,Delivery Pokémon,Ice,Flying,160,55,45,75,Vital Spirit,Hustle,Insomnia
271,Mantine,Normal,Kite Pokémon,Water,Flying,2200,40,70,70,Swift Swim,Water Absorb,Water Veil
272,Skarmory,Normal,Armor Bird Pokémon,Steel,Flying,505,80,140,70,Keen Eye,Sturdy,Weak Armor
273,Houndour,Normal,Dark Pokémon,Dark,Fire,108,60,30,65,Early Bird,Flash Fire,Unnerve
274,Houndoom,Normal,Dark Pokémon,Dark,Fire,350,90,50,95,Early Bird,Flash Fire,Unnerve
275,Mega Houndoom,Normal,Dark Pokémon,Dark,Fire,495,90,90,115,Solar Power,,
276,Kingdra,Normal,Dragon Pokémon,Water,Dragon,1520,95,95,85,Swift Swim,Sniper,Damp
277,Phanpy,Normal,Long Nose Pokémon,Ground,,335,60,60,40,Pickup,,Sand Veil
278,Donphan,Normal,Armor Pokémon,Ground,,1200,120,120,50,Sturdy,,Sand Veil
279,Porygon2,Normal,Virtual Pokémon,Normal,,325,80,90,60,Trace,Download,Analytic
280,Stantler,Normal,Big Horn Pokémon,Normal,,712,95,62,85,Intimidate,Frisk,Sap Sipper
281,Smeargle,Normal,Painter Pokémon,Normal,,580,20,35,75,Own Tempo,Technician,Moody
282,Tyrogue,Normal,Scuffle Pokémon,Fighting,,210,35,35,35,Guts,Steadfast,Vital Spirit
283,Hitmontop,Normal,Handstand Pokémon,Fighting,,480,95,95,70,Intimidate,Technician,Steadfast
284,Smoochum,Normal,Kiss Pokémon,Ice,Psychic,60,30,15,65,Oblivious,Forewarn,Hydration
285,Elekid,Normal,Electric Pokémon,Electric,,235,63,37,95,Static,,Vital Spirit
286,Magby,Normal,Live Coal Pokémon,Fire,,214,75,37,83,Flame Body,,Vital Spirit
287,Miltank,Normal,Milk Cow Pokémon,Normal,,755,80,105,100,Thick Fat,Scrappy,Sap Sipper
288,Blissey,Normal,Happiness Pokémon,Normal,,468,10,10,55,Natural Cure,Serene Grace,Healer
289,Raikou,Sub Legendary,Thunder Pokémon,Electric,,1780,85,75,115,Pressure,,Inner Focus
290,Entei,Sub Legendary,Volcano Pokémon,Fire,,1980,115,85,100,Pressure,,Inner Focus
291,Suicune,Sub Legendary,Aurora Pokémon,Water,,1870,75,115,85,Pressure,,Inner Focus
292,Larvitar,Normal,Rock Skin Pokémon,Rock,Ground,720,64,50,41,Guts,,Sand Veil
293,Pupitar,Normal,Hard Shell Pokémon,Rock,Ground,1520,84,70,51,Shed Skin,,
294,Tyranitar,Normal,Armor Pokémon,Rock,Dark,2020,134,110,61,Sand Stream,,Unnerve
295,Mega Tyranitar,Normal,Armor Pokémon,Rock,Dark,2550,164,150,71,Sand Stream,,
296,Lugia,Legendary,Diving Pokémon,Psychic,Flying,2160,90,130,110,Pressure,,Multiscale
297,Ho-oh,Legendary,Rainbow Pokémon,Fire,Flying,1990,130,90,90,Pressure,,Regenerator
298,Celebi,Mythical,Time Travel Pokémon,Psychic,Grass,50,100,100,100,Natural Cure,,
299,Treecko,Normal,Wood Gecko Pokémon,Grass,,50,45,35,70,Overgrow,,Unburden
300,Grovyle,Normal,Wood Gecko Pokémon,Grass,,216,65,45,95,Overgrow,,Unburden
301,Sceptile,Normal,Forest Pokémon,Grass,,522,85,65,120,Overgrow,,Unburden
302,Mega Sceptile,Normal,Forest Pokémon,Grass,Dragon,552,110,75,145,Lightning Rod,,
303,Torchic,Normal,Chick Pokémon,Fire,,25,60,40,45,Blaze,,Speed Boost
304,Combusken,Normal,Young Fowl Pokémon,Fire,Fighting,195,85,60,55,Blaze,,Speed Boost
305,Blaziken,Normal,Blaze Pokémon,Fire,Fighting,520,120,70,80,Blaze,,Speed Boost
306,Mega Blaziken,Normal,Blaze Pokémon,Fire,Fighting,520,160,80,100,Speed Boost,,
307,Mudkip,Normal,Mud Fish Pokémon,Water,,76,70,50,40,Torrent,,Damp
308,Marshtomp,Normal,Mud Fish Pokémon,Water,Ground,280,85,70,50,Torrent,,Damp
309,Swampert,Normal,Mud Fish Pokémon,Water,Ground,819,110,90,60,Torrent,,Damp
310,Mega Swampert,Normal,Mud Fish Pokémon,Water,Ground,1020,150,110,70,Swift Swim,,
311,Poochyena,Normal,Bite Pokémon,Dark,,136,55,35,35,Run Away,Quick Feet,Rattled
312,Mightyena,Normal,Bite Pokémon,Dark,,370,90,70,70,Intimidate,Quick Feet,Moxie
313,Zigzagoon,Normal,TinyRaccoon Pokémon,Normal,,175,30,41,60,Pickup,Gluttony,Quick Feet
314,Galarian Zigzagoon,Normal,Tiny Raccoon Pokémon,Dark,Normal,175,30,41,60,Pickup,Gluttony,Quick Feet
315,Linoone,Normal,Rushing Pokémon,Normal,,325,70,61,100,Pickup,Gluttony,Quick Feet
316,Galarian Linoone,Normal,Rushing Pokémon,Dark,Normal,325,70,61,100,Pickup,Gluttony,Quick Feet
317,Wurmple,Normal,Worm Pokémon,Bug,,36,45,35,20,Shield Dust,,Run Away
318,Silcoon,Normal,Cocoon Pokémon,Bug,,100,35,55,15,Shed Skin,,
319,Beautifly,Normal,Butterfly Pokémon,Bug,Flying,284,70,50,65,Swarm,,Rivalry
320,Cascoon,Normal,Cocoon Pokémon,Bug,,115,35,55,15,Shed Skin,,
321,Dustox,Normal,Poison Moth Pokémon,Bug,Poison,316,50,70,65,Shield Dust,,Compound Eyes
322,Lotad,Normal,Water Weed Pokémon,Water,Grass,26,30,30,30,Swift Swim,Rain Dish,Own Tempo
323,Lombre,Normal,Jolly Pokémon,Water,Grass,325,50,50,50,Swift Swim,Rain Dish,Own Tempo
324,Ludicolo,Normal,Carefree Pokémon,Water,Grass,550,70,70,70,Swift Swim,Rain Dish,Own Tempo
325,Seedot,Normal,Acorn Pokémon,Grass,,40,40,50,30,Chlorophyll,Early Bird,Pickpocket
326,Nuzleaf,Normal,Wily Pokémon,Grass,Dark,280,70,40,60,Chlorophyll,Early Bird,Pickpocket
327,Shiftry,Normal,Wicked Pokémon,Grass,Dark,596,100,60,80,Chlorophyll,Early Bird,Pickpocket
328,Taillow,Normal,TinySwallow Pokémon,Normal,Flying,23,55,30,85,Guts,,Scrappy
329,Swellow,Normal,Swallow Pokémon,Normal,Flying,198,85,60,125,Guts,,Scrappy
330,Wingull,Normal,Seagull Pokémon,Water,Flying,95,30,30,85,Keen Eye,Hydration,Rain Dish
331,Pelipper,Normal,Water Bird Pokémon,Water,Flying,280,50,100,65,Keen Eye,Drizzle,Rain Dish
332,Ralts,Normal,Feeling Pokémon,Psychic,Fairy,66,25,25,40,Synchronize,Trace,Telepathy
333,Kirlia,Normal,Emotion Pokémon,Psychic,Fairy,202,35,35,50,Synchronize,Trace,Telepathy
334,Gardevoir,Normal,Embrace Pokémon,Psychic,Fairy,484,65,65,80,Synchronize,Trace,Telepathy
335,Mega Gardevoir,Normal,Embrace Pokémon,Psychic,Fairy,484,85,65,100,Pixilate,,
336,Surskit,Normal,Pond Skater Pokémon,Bug,Water,17,30,32,65,Swift Swim,,Rain Dish
337,Masquerain,Normal,Eyeball Pokémon,Bug,Flying,36,60,62,80,Intimidate,,Unnerve
338,Shroomish,Normal,Mushroom Pokémon,Grass,,45,40,60,35,Effect Spore,Poison Heal,Quick Feet
339,Breloom,Normal,Mushroom Pokémon,Grass,Fighting,392,130,80,70,Effect Spore,Poison Heal,Technician
340,Slakoth,Normal,Slacker Pokémon,Normal,,240,60,60,30,Truant,,
341,Vigoroth,Normal,Wild Monkey Pokémon,Normal,,465,80,80,90,Vital Spirit,,
342,Slaking,Normal,Lazy Pokémon,Normal,,1305,160,100,100,Truant,,
343,Nincada,Normal,Trainee Pokémon,Bug,Ground,55,45,90,40,Compound Eyes,,Run Away
344,Ninjask,Normal,Ninja Pokémon,Bug,Flying,120,90,45,160,Speed Boost,,Infiltrator
345,Shedinja,Normal,Shed Pokémon,Bug,Ghost,12,90,45,40,Wonder Guard,,
346,Whismur,Normal,Whisper Pokémon,Normal,,163,51,23,28,Soundproof,,Rattled
347,Loudred,Normal,Big Voice Pokémon,Normal,,405,71,43,48,Soundproof,,Scrappy
348,Exploud,Normal,Loud Noise Pokémon,Normal,,840,91,63,68,Soundproof,,Scrappy
349,Makuhita,Normal,Guts Pokémon,Fighting,,864,60,30,25,Thick Fat,Guts,Sheer Force
350,Hariyama,Normal,Arm Thrust Pokémon,Fighting,,2538,120,60,50,Thick Fat,Guts,Sheer Force
351,Azurill,Normal,Polka Dot Pokémon,Normal,Fairy,20,20,40,20,Thick Fat,Huge Power,Sap Sipper
352,Nosepass,Normal,Compass Pokémon,Rock,,970,45,135,30,Sturdy,Magnet Pull,Sand Force
353,Skitty,Normal,Kitten Pokémon,Normal,,110,45,45,50,Cute Charm,Normalize,Wonder Skin
354,Delcatty,Normal,Prim Pokémon,Normal,,326,65,65,90,Cute Charm,Normalize,Wonder Skin
355,Sableye,Normal,Darkness Pokémon,Dark,Ghost,110,75,75,50,Keen Eye,Stall,Prankster
356,Mega Sableye,Normal,Darkness Pokémon,Dark,Ghost,1610,85,125,20,Magic Bounce,,
357,Mawile,Normal,Deceiver Pokémon,Steel,Fairy,115,85,85,50,Hyper Cutter,Intimidate,Sheer Force
358,Mega Mawile,Normal,Deceiver Pokémon,Steel,Fairy,235,105,125,50,Huge Power,,
359,Aron,Normal,Iron Armor Pokémon,Steel,Rock,600,70,100,30,Sturdy,Rock Head,Heavy Metal
360,Lairon,Normal,Iron Armor Pokémon,Steel,Rock,1200,90,140,40,Sturdy,Rock Head,Heavy Metal
361,Aggron,Normal,Iron Armor Pokémon,Steel,Rock,3600,110,180,50,Sturdy,Rock Head,Heavy Metal
362,Mega Aggron,Normal,Iron Armor Pokémon,Steel,,3950,140,230,50,Filter,,
363,Meditite,Normal,Meditate Pokémon,Fighting,Psychic,112,40,55,60,Pure Power,,Telepathy
364,Medicham,Normal,Meditate Pokémon,Fighting,Psychic,315,60,75,80,Pure Power,,Telepathy
365,Mega Medicham,Normal,Meditate Pokémon,Fighting,Psychic,315,100,85,100,Pure Power,,
366,Electrike,Normal,Lightning Pokémon,Electric,,152,45,40,65,Static,Lightning Rod,Minus
367,Manectric,Normal,Discharge Pokémon,Electric,,402,75,60,105,Static,Lightning Rod,Minus
368,Mega Manectric,Normal,Discharge Pokémon,Electric,,440,75,80,135,Intimidate,,
369,Plusle,Normal,Cheering Pokémon,Electric,,42,50,40,95,Plus,,Lightning Rod
370,Minun,Normal,Cheering Pokémon,Electric,,42,40,50,95,Minus,,Volt Absorb
371,Volbeat,Normal,Firefly Pokémon,Bug,,177,73,75,85,Illuminate,Swarm,Prankster
372,Illumise,Normal,Firefly Pokémon,Bug,,177,47,75,85,Oblivious,Tinted Lens,Prankster
373,Roselia,Normal,Thorn Pokémon,Grass,Poison,20,60,45,65,Natural Cure,Poison Point,Leaf Guard
374,Gulpin,Normal,Stomach Pokémon,Poison,,103,43,53,40,Liquid Ooze,Sticky Hold,Gluttony
375,Swalot,Normal,Poison Bag Pokémon,Poison,,800,73,83,55,Liquid Ooze,Sticky Hold,Gluttony
376,Carvanha,Normal,Savage Pokémon,Water,Dark,208,90,20,65,Rough Skin,,Speed Boost
377,Sharpedo,Normal,Brutal Pokémon,Water,Dark,888,120,40,95,Rough Skin,,Speed Boost
378,Mega Sharpedo,Normal,Brutal Pokémon,Water,Dark,1303,140,70,105,Strong Jaw,,
379,Wailmer,Normal,Ball Whale Pokémon,Water,,1300,70,35,60,Water Veil,Oblivious,Pressure
380,Wailord,Normal,Float Whale Pokémon,Water,,3980,90,45,60,Water Veil,Oblivious,Pressure
381,Numel,Normal,Numb Pokémon,Fire,Ground,240,60,40,35,Oblivious,Simple,Own Tempo
382,Camerupt,Normal,Eruption Pokémon,Fire,Ground,2200,100,70,40,Magma Armor,Solid Rock,Anger Point
383,Mega Camerupt,Normal,Eruption Pokémon,Fire,Ground,3205,120,100,20,Sheer Force,,
384,Torkoal,Normal,Coal Pokémon,Fire,,804,85,140,20,White Smoke,Drought,Shell Armor
385,Spoink,Normal,Bounce Pokémon,Psychic,,306,25,35,60,Thick Fat,Own Tempo,Gluttony
386,Grumpig,Normal,Manipulate Pokémon,Psychic,,715,45,65,80,Thick Fat,Own Tempo,Gluttony
387,Spinda,Normal,Spot Panda Pokémon,Normal,,50,60,60,60,Own Tempo,Tangled Feet,Contrary
388,Trapinch,Normal,Ant Pit Pokémon,Ground,,150,100,45,10,Hyper Cutter,Arena Trap,Sheer Force
389,Vibrava,Normal,Vibration Pokémon,Ground,Dragon,153,70,50,70,Levitate,,
390,Flygon,Normal,Mystic Pokémon,Ground,Dragon,820,100,80,100,Levitate,,
391,Cacnea,Normal,Cactus Pokémon,Grass,,513,85,40,35,Sand Veil,,Water Absorb
392,Cacturne,Normal,Scarecrow Pokémon,Grass,Dark,774,115,60,55,Sand Veil,,Water Absorb
393,Swablu,Normal,Cotton Bird Pokémon,Normal,Flying,12,40,60,50,Natural Cure,,Cloud Nine
394,Altaria,Normal,Humming Pokémon,Dragon,Flying,206,70,90,80,Natural Cure,,Cloud Nine
395,Mega Altaria,Normal,Humming Pokémon,Dragon,Fairy,206,110,110,80,Pixilate,,
396,Zangoose,Normal,Cat Ferret Pokémon,Normal,,403,115,60,90,Immunity,,Toxic Boost
397,Seviper,Normal,Fang Snake Pokémon,Poison,,525,100,60,65,Shed Skin,,Infiltrator
398,Lunatone,Normal,Meteorite Pokémon,Rock,Psychic,1680,55,65,70,Levitate,,
399,Solrock,Normal,Meteorite Pokémon,Rock,Psychic,1540,95,85,70,Levitate,,
400,Barboach,Normal,Whiskers Pokémon,Water,Ground,19,48,43,60,Oblivious,Anticipation,Hydration
401,Whiscash,Normal,Whiskers Pokémon,Water,Ground,236,78,73,60,Oblivious,Anticipation,Hydration
402,Corphish,Normal,Ruffian Pokémon,Water,,115,80,65,35,Hyper Cutter,Shell Armor,Adaptability
403,Crawdaunt,Normal,Rogue Pokémon,Water,Dark,328,120,85,55,Hyper Cutter,Shell Armor,Adaptability
404,Baltoy,Normal,Clay Doll Pokémon,Ground,Psychic,215,40,55,55,Levitate,,
405,Claydol,Normal,Clay Doll Pokémon,Ground,Psychic,1080,70,105,75,Levitate,,
406,Lileep,Normal,Sea Lily Pokémon,Rock,Grass,238,41,77,23,Suction Cups,,Storm Drain
407,Cradily,Normal,Barnacle Pokémon,Rock,Grass,604,81,97,43,Suction Cups,,Storm Drain
408,Anorith,Normal,Old Shrimp Pokémon,Rock,Bug,125,95,50,75,Battle Armor,,Swift Swim
409,Armaldo,Normal,Plate Pokémon,Rock,Bug,682,125,100,45,Battle Armor,,Swift Swim
410,Feebas,Normal,Fish Pokémon,Water,,74,15,20,80,Swift Swim,Oblivious,Adaptability
411,Milotic,Normal,Tender Pokémon,Water,,1620,60,79,81,Marvel Scale,Competitive,Cute Charm
412,Castform,Normal,Weather Pokémon,Normal,,8,70,70,70,Forecast,,
413,Castform Sunny Form,Normal,Weather Pokémon,Fire,,8,70,70,70,Forecast,,
414,Castform Rainy Form,Normal,Weather Pokémon,Water,,8,70,70,70,Forecast,,
415,Castform Snowy Form,Normal,Weather Pokémon,Ice,,8,70,70,70,Forecast,,
416,Kecleon,Normal,Color Swap Pokémon,Normal,,220,90,70,40,Color Change,,Protean
417,Shuppet,Normal,Puppet Pokémon,Ghost,,23,75,35,45,Insomnia,Frisk,Cursed Body
418,Banette,Normal,Marionette Pokémon,Ghost,,125,115,65,65,Insomnia,Frisk,Cursed Body
419,Mega Banette,Normal,Marionette Pokémon,Ghost,,130,165,75,75,Prankster,,
420,Duskull,Normal,Requiem Pokémon,Ghost,,150,40,90,25,Levitate,,Frisk
421,Dusclops,Normal,Beckon Pokémon,Ghost,,306,70,130,25,Pressure,,Frisk
422,Tropius,Normal,Fruit Pokémon,Grass,Flying,1000,68,83,51,Chlorophyll,Solar Power,Harvest
423,Chimecho,Normal,Wind Chime Pokémon,Psychic,,10,50,80,65,Levitate,,
424,Absol,Normal,Disaster Pokémon,Dark,,470,130,60,75,Pressure,Super Luck,Justified
425,Mega Absol,Normal,Disaster Pokémon,Dark,,490,150,60,115,Magic Bounce,,
426,Wynaut,Normal,Bright Pokémon,Psychic,,140,23,48,23,Shadow Tag,,Telepathy
427,Snorunt,Normal,Snow Hat Pokémon,Ice,,168,50,50,50,Inner Focus,Ice Body,Moody
428,Glalie,Normal,Face Pokémon,Ice,,2565,80,80,80,Inner Focus,Ice Body,Moody
429,Mega Glalie,Normal,Face Pokémon,Ice,,3502,120,80,100,Refrigerate,,
430,Spheal,Normal,Clap Pokémon,Ice,Water,395,40,50,25,Thick Fat,Ice Body,Oblivious
431,Sealeo,Normal,Ball Roll Pokémon,Ice,Water,876,60,70,45,Thick Fat,Ice Body,Oblivious
432,Walrein,Normal,Ice Break Pokémon,Ice,Water,1506,80,90,65,Thick Fat,Ice Body,Oblivious
433,Clamperl,Normal,Bivalve Pokémon,Water,,525,64,85,32,Shell Armor,,Rattled
434,Huntail,Normal,Deep Sea Pokémon,Water,,270,104,105,52,Swift Swim,,Water Veil
435,Gorebyss,Normal,South Sea Pokémon,Water,,226,84,105,52,Swift Swim,,Hydration
436,Relicanth,Normal,Longevity Pokémon,Water,Rock,234,90,130,55,Swift Swim,Rock Head,Sturdy
437,Luvdisc,Normal,Rendezvous Pokémon,Water,,87,30,55,97,Swift Swim,,Hydration
438,Bagon,Normal,Rock Head Pokémon,Dragon,,421,75,60,50,Rock Head,,Sheer Force
439,Shelgon,Normal,Endurance Pokémon,Dragon,,1105,95,100,50,Rock Head,,Overcoat
440,Salamence,Normal,Dragon Pokémon,Dragon,Flying,1026,135,80,100,Intimidate,,Moxie
441,Mega Salamence,Normal,Dragon Pokémon,Dragon,Flying,1126,145,130,120,Aerilate,,
442,Beldum,Normal,Iron Ball Pokémon,Steel,Psychic,952,55,80,30,Clear Body,,Light Metal
443,Metang,Normal,Iron Claw Pokémon,Steel,Psychic,2025,75,100,50,Clear Body,,Light Metal
444,Metagross,Normal,Iron Leg Pokémon,Steel,Psychic,5500,135,130,70,Clear Body,,Light Metal
445,Mega Metagross,Normal,Iron Leg Pokémon,Steel,Psychic,9429,145,150,110,Tough Claws,,
446,Regirock,Sub Legendary,Rock Peak Pokémon,Rock,,2300,100,200,50,Clear Body,,Sturdy
447,Regice,Sub Legendary,Iceberg Pokémon,Ice,,1750,50,100,50,Clear Body,,Ice Body
448,Registeel,Sub Legendary,Iron Pokémon,Steel,,2050,75,150,50,Clear Body,,Light Metal
449,Latias,Sub Legendary,Eon Pokémon,Dragon,Psychic,400,80,90,110,Levitate,,
450,Mega Latias,Sub Legendary,Eon Pokémon,Dragon,Psychic,520,100,120,110,Levitate,,
451,Latios,Sub Legendary,Eon Pokémon,Dragon,Psychic,600,90,80,110,Levitate,,
452,Mega Latios,Sub Legendary,Eon Pokémon,Dragon,Psychic,700,130,100,110,Levitate,,
453,Kyogre,Legendary,Sea Basin Pokémon,Water,,3520,100,90,90,Drizzle,,
454,Primal Kyogre,Legendary,Sea Basin Pokémon,Water,,4300,150,90,90,Primordial Sea,,
455,Groudon,Legendary,Continent Pokémon,Ground,,9500,150,140,90,Drought,,
456,Primal Groudon,Legendary,Continent Pokémon,Ground,Fire,9997,180,160,90,Desolate Land,,
457,Rayquaza,Legendary,Sky High Pokémon,Dragon,Flying,2065,150,90,95,Air Lock,,
458,Mega Rayquaza,Legendary,Sky High Pokémon,Dragon,Flying,3920,180,100,115,Delta Stream,,
459,Jirachi,Mythical,Wish Pokémon,Steel,Psychic,11,100,100,100,Serene Grace,,
460,Deoxys Normal Forme,Mythical,DNA Pokémon,Psychic,,608,150,50,150,Pressure,,
461,Deoxys Attack Forme,Mythical,DNA Pokémon,Psychic,,608,180,20,150,Pressure,,
462,Deoxys Defense Forme,Mythical,DNA Pokémon,Psychic,,608,70,160,90,Pressure,,
463,Deoxys Speed Forme,Mythical,DNA Pokémon,Psychic,,608,95,90,180,Pressure,,
464,Turtwig,Normal,Tiny Leaf Pokémon,Grass,,102,68,64,31,Overgrow,,Shell Armor
465,Grotle,Normal,Grove Pokémon,Grass,,970,89,85,36,Overgrow,,Shell Armor
466,Torterra,Normal,Continent Pokémon,Grass,Ground,3100,109,105,56,Overgrow,,Shell Armor
467,Chimchar,Normal,Chimp Pokémon,Fire,,62,58,44,61,Blaze,,Iron Fist
468,Monferno,Normal,Playful Pokémon,Fire,Fighting,220,78,52,81,Blaze,,Iron Fist
469,Infernape,Normal,Flame Pokémon,Fire,Fighting,550,104,71,108,Blaze,,Iron Fist
470,Piplup,Normal,Penguin Pokémon,Water,,52,51,53,40,Torrent,,Defiant
471,Prinplup,Normal,Penguin Pokémon,Water,,230,66,68,50,Torrent,,Defiant
472,Empoleon,Normal,Emperor Pokémon,Water,Steel,845,86,88,60,Torrent,,Defiant
473,Starly,Normal,Starling Pokémon,Normal,Flying,20,55,30,60,Keen Eye,,Reckless
474,Staravia,Normal,Starling Pokémon,Normal,Flying,155,75,50,80,Intimidate,,Reckless
475,Staraptor,Normal,Predator Pokémon,Normal,Flying,249,120,70,100,Intimidate,,Reckless
476,Bidoof,Normal,Plump Mouse Pokémon,Normal,,200,45,40,31,Simple,Unaware,Moody
477,Bibarel,Normal,Beaver Pokémon,Normal,Water,315,85,60,71,Simple,Unaware,Moody
478,Kricketot,Normal,Cricket Pokémon,Bug,,22,25,41,25,Shed Skin,,Run Away
479,Kricketune,Normal,Cricket Pokémon,Bug,,255,85,51,65,Swarm,,Technician
480,Shinx,Normal,Flash Pokémon,Electric,,95,65,34,45,Rivalry,Intimidate,Guts
481,Luxio,Normal,Spark Pokémon,Electric,,305,85,49,60,Rivalry,Intimidate,Guts
482,Luxray,Normal,Gleam Eyes Pokémon,Electric,,420,120,79,70,Rivalry,Intimidate,Guts
483,Budew,Normal,Bud Pokémon,Grass,Poison,12,30,35,55,Natural Cure,Poison Point,Leaf Guard
484,Roserade,Normal,Bouquet Pokémon,Grass,Poison,145,70,65,90,Natural Cure,Poison Point,Technician
485,Cranidos,Normal,Head Butt Pokémon,Rock,,315,125,40,58,Mold Breaker,,Sheer Force
486,Rampardos,Normal,Head Butt Pokémon,Rock,,1025,165,60,58,Mold Breaker,,Sheer Force
487,Shieldon,Normal,Shield Pokémon,Rock,Steel,570,42,118,30,Sturdy,,Soundproof
488,Bastiodon,Normal,Shield Pokémon,Rock,Steel,1495,52,168,30,Sturdy,,Soundproof
489,Burmy,Normal,Bagworm Pokémon,Bug,,34,29,45,36,Shed Skin,,Overcoat
490,Wormadam Plant Cloak,Normal,Bagworm Pokémon,Bug,Grass,65,59,85,36,Anticipation,,Overcoat
491,Wormadam Sandy Cloak,Normal,Bagworm Pokémon,Bug,Ground,65,79,105,36,Anticipation,,Overcoat
492,Wormadam Trash Cloak,Normal,Bagworm Pokémon,Bug,Steel,65,69,95,36,Anticipation,,Overcoat
493,Mothim,Normal,Moth Pokémon,Bug,Flying,233,94,50,66,Swarm,,Tinted Lens
494,Combee,Normal,Tiny Bee Pokémon,Bug,Flying,55,30,42,70,Honey Gather,,Hustle
495,Vespiquen,Normal,Beehive Pokémon,Bug,Flying,385,80,102,40,Pressure,,Unnerve
496,Pachirisu,Normal,EleSquirrel Pokémon,Electric,,39,45,70,95,Run Away,Pickup,Volt Absorb
497,Buizel,Normal,Sea Weasel Pokémon,Water,,295,65,35,85,Swift Swim,,Water Veil
498,Floatzel,Normal,Sea Weasel Pokémon,Water,,335,105,55,115,Swift Swim,,Water Veil
499,Cherubi,Normal,Cherry Pokémon,Grass,,33,35,45,35,Chlorophyll,,
500,Cherrim,Normal,Blossom Pokémon,Grass,,93,60,70,85,Flower Gift,,
501,Shellos,Normal,Sea Slug Pokémon,Water,,63,48,48,34,Sticky Hold,Storm Drain,Sand Force
502,Gastrodon,Normal,Sea Slug Pokémon,Water,Ground,299,83,68,39,Sticky Hold,Storm Drain,Sand Force
503,Ambipom,Normal,Long Tail Pokémon,Normal,,203,100,66,115,Technician,Pickup,Skill Link
504,Drifloon,Normal,Balloon Pokémon,Ghost,Flying,12,50,34,70,Aftermath,Unburden,Flare Boost
505,Drifblim,Normal,Blimp Pokémon,Ghost,Flying,150,80,44,80,Aftermath,Unburden,Flare Boost
506,Buneary,Normal,Rabbit Pokémon,Normal,,55,66,44,85,Run Away,Klutz,Limber
507,Lopunny,Normal,Rabbit Pokémon,Normal,,333,76,84,105,Cute Charm,Klutz,Limber
508,Mega Lopunny,Normal,Rabbit Pokémon,Normal,Fighting,283,136,94,135,Scrappy,,
509,Mismagius,Normal,Magical Pokémon,Ghost,,44,60,60,105,Levitate,,
510,Honchkrow,Normal,Big Boss Pokémon,Dark,Flying,273,125,52,71,Insomnia,Super Luck,Moxie
511,Glameow,Normal,Catty Pokémon,Normal,,39,55,42,85,Limber,Own Tempo,Keen Eye
512,Purugly,Normal,Tiger Cat Pokémon,Normal,,438,82,64,112,Thick Fat,Own Tempo,Defiant
513,Chingling,Normal,Bell Pokémon,Psychic,,6,30,50,45,Levitate,,
514,Stunky,Normal,Skunk Pokémon,Poison,Dark,192,63,47,74,Stench,Aftermath,Keen Eye
515,Skuntank,Normal,Skunk Pokémon,Poison,Dark,380,93,67,84,Stench,Aftermath,Keen Eye
516,Bronzor,Normal,Bronze Pokémon,Steel,Psychic,605,24,86,23,Levitate,Heatproof,Heavy Metal
517,Bronzong,Normal,Bronze Bell Pokémon,Steel,Psychic,1870,89,116,33,Levitate,Heatproof,Heavy Metal
518,Bonsly,Normal,Bonsai Pokémon,Rock,,150,80,95,10,Sturdy,Rock Head,Rattled
519,Mime Jr.,Normal,Mime Pokémon,Psychic,Fairy,130,25,45,60,Soundproof,Filter,Technician
520,Happiny,Normal,Playhouse Pokémon,Normal,,244,5,5,30,Natural Cure,Serene Grace,Friend Guard
521,Chatot,Normal,Music Note Pokémon,Normal,Flying,19,65,45,91,Keen Eye,Tangled Feet,Big Pecks
522,Spiritomb,Normal,Forbidden Pokémon,Ghost,Dark,1080,92,108,35,Pressure,,Infiltrator
523,Gible,Normal,Land Shark Pokémon,Dragon,Ground,205,70,45,42,Sand Veil,,Rough Skin
524,Gabite,Normal,Cave Pokémon,Dragon,Ground,560,90,65,82,Sand Veil,,Rough Skin
525,Garchomp,Normal,Mach Pokémon,Dragon,Ground,950,130,95,102,Sand Veil,,Rough Skin
526,Mega Garchomp,Normal,Mach Pokémon,Dragon,Ground,950,170,115,92,Sand Force,,
527,Munchlax,Normal,Big Eater Pokémon,Normal,,1050,85,40,5,Pickup,Thick Fat,Gluttony
528,Riolu,Normal,Emanation Pokémon,Fighting,,202,70,40,60,Steadfast,Inner Focus,Prankster
529,Lucario,Normal,Aura Pokémon,Fighting,Steel,540,110,70,90,Steadfast,Inner Focus,Justified
530,Mega Lucario,Normal,Aura Pokémon,Fighting,Steel,575,145,88,112,Adaptability,,
531,Hippopotas,Normal,Hippo Pokémon,Ground,,495,72,78,32,Sand Stream,,Sand Force
532,Hippowdon,Normal,Heavyweight Pokémon,Ground,,3000,112,118,47,Sand Stream,,Sand Force
533,Skorupi,Normal,Scorpion Pokémon,Poison,Bug,120,50,90,65,Battle Armor,Sniper,Keen Eye
534,Drapion,Normal,Ogre Scorp Pokémon,Poison,Dark,615,90,110,95,Battle Armor,Sniper,Keen Eye
535,Croagunk,Normal,Toxic Mouth Pokémon,Poison,Fighting,230,61,40,50,Anticipation,Dry Skin,Poison Touch
536,Toxicroak,Normal,Toxic Mouth Pokémon,Poison,Fighting,444,106,65,85,Anticipation,Dry Skin,Poison Touch
537,Carnivine,Normal,Bug Catcher Pokémon,Grass,,270,100,72,46,Levitate,,
538,Finneon,Normal,Wing Fish Pokémon,Water,,70,49,56,66,Swift Swim,Storm Drain,Water Veil
539,Lumineon,Normal,Neon Pokémon,Water,,240,69,76,91,Swift Swim,Storm Drain,Water Veil
540,Mantyke,Normal,Kite Pokémon,Water,Flying,650,20,50,50,Swift Swim,Water Absorb,Water Veil
541,Snover,Normal,Frost Tree Pokémon,Grass,Ice,505,62,50,40,Snow Warning,,Soundproof
542,Abomasnow,Normal,Frost Tree Pokémon,Grass,Ice,1355,92,75,60,Snow Warning,,Soundproof
543,Mega Abomasnow,Normal,Frost Tree Pokémon,Grass,Ice,1850,132,105,30,Snow Warning,,
544,Weavile,Normal,Sharp Claw Pokémon,Dark,Ice,340,120,65,125,Pressure,,Pickpocket
545,Magnezone,Normal,Magnet Area Pokémon,Electric,Steel,1800,70,115,60,Magnet Pull,Sturdy,Analytic
546,Lickilicky,Normal,Licking Pokémon,Normal,,1400,85,95,50,Own Tempo,Oblivious,Cloud Nine
547,Rhyperior,Normal,Drill Pokémon,Ground,Rock,2828,140,130,40,Lightning Rod,Solid Rock,Reckless
548,Tangrowth,Normal,Vine Pokémon,Grass,,1286,100,125,50,Chlorophyll,Leaf Guard,Regenerator
549,Electivire,Normal,Thunderbolt Pokémon,Electric,,1386,123,67,95,Motor Drive,,Vital Spirit
550,Magmortar,Normal,Blast Pokémon,Fire,,680,95,67,83,Flame Body,,Vital Spirit
551,Togekiss,Normal,Jubilee Pokémon,Fairy,Flying,380,50,95,80,Hustle,Serene Grace,Super Luck
552,Yanmega,Normal,Ogre Darner Pokémon,Bug,Flying,515,76,86,95,Speed Boost,Tinted Lens,Frisk
553,Leafeon,Normal,Verdant Pokémon,Grass,,255,110,130,95,Leaf Guard,,Chlorophyll
554,Glaceon,Normal,Fresh Snow Pokémon,Ice,,259,60,110,65,Snow Cloak,,Ice Body
555,Gliscor,Normal,Fang Scorp Pokémon,Ground,Flying,425,95,125,95,Hyper Cutter,Sand Veil,Poison Heal
556,Mamoswine,Normal,Twin Tusk Pokémon,Ice,Ground,2910,130,80,80,Oblivious,Snow Cloak,Thick Fat
557,Porygon-Z,Normal,Virtual Pokémon,Normal,,340,80,70,90,Adaptability,Download,Analytic
558,Gallade,Normal,Blade Pokémon,Psychic,Fighting,520,125,65,80,Steadfast,,Justified
559,Mega Gallade,Normal,Blade Pokémon,Psychic,Fighting,564,165,95,110,Inner Focus,,
560,Probopass,Normal,Compass Pokémon,Rock,Steel,3400,55,145,40,Sturdy,Magnet Pull,Sand Force
561,Dusknoir,Normal,Gripper Pokémon,Ghost,,1066,100,135,45,Pressure,,Frisk
562,Froslass,Normal,Snow Land Pokémon,Ice,Ghost,266,80,70,110,Snow Cloak,,Cursed Body
563,Rotom,Normal,Plasma Pokémon,Electric,Ghost,3,50,77,91,Levitate,,
564,Heat Rotom,Normal,Plasma Pokémon,Electric,Fire,3,65,107,86,Levitate,,
565,Wash Rotom,Normal,Plasma Pokémon,Electric,Water,3,65,107,86,Levitate,,
566,Frost Rotom,Normal,Plasma Pokémon,Electric,Ice,3,65,107,86,Levitate,,
567,Fan Rotom,Normal,Plasma Pokémon,Electric,Flying,3,65,107,86,Levitate,,
568,Mow Rotom,Normal,Plasma Pokémon,Electric,Grass,3,65,107,86,Levitate,,
569,Uxie,Sub Legendary,Knowledge Pokémon,Psychic,,3,75,130,95,Levitate,,
570,Mesprit,Sub Legendary,Emotion Pokémon,Psychic,,3,105,105,80,Levitate,,
571,Azelf,Sub Legendary,Willpower Pokémon,Psychic,,3,125,70,115,Levitate,,
572,Dialga,Legendary,Temporal Pokémon,Steel,Dragon,6830,120,120,90,Pressure,,Telepathy
573,Palkia,Legendary,Spatial Pokémon,Water,Dragon,3360,120,100,100,Pressure,,Telepathy
574,Heatran,Sub Legendary,Lava Dome Pokémon,Fire,Steel,4300,90,106,77,Flash Fire,,Flame Body
575,Regigigas,Sub Legendary,Colossal Pokémon,Normal,,4200,160,110,100,Slow Start,,
576,Giratina Altered Forme,Legendary,Renegade Pokémon,Ghost,Dragon,7500,100,120,90,Pressure,,Telepathy
577,Giratina Origin Forme,Legendary,Renegade Pokémon,Ghost,Dragon,6500,120,100,90,Levitate,,
578,Cresselia,Sub Legendary,Lunar Pokémon,Psychic,,856,70,120,85,Levitate,,
579,Phione,Mythical,Sea Drifter Pokémon,Water,,31,80,80,80,Hydration,,
580,Manaphy,Mythical,Seafaring Pokémon,Water,,14,100,100,100,Hydration,,
581,Darkrai,Mythical,Pitch-Black Pokémon,Dark,,505,90,90,125,Bad Dreams,,
582,Shaymin Land Forme,Mythical,Gratitude Pokémon,Grass,,21,100,100,100,Natural Cure,,
583,Shaymin Sky Forme,Mythical,Gratitude Pokémon,Grass,Flying,52,103,75,127,Serene Grace,,
584,Arceus,Mythical,Alpha Pokémon,Normal,,3200,120,120,120,Multitype,,
585,Victini,Mythical,Victory Pokémon,Psychic,Fire,40,100,100,100,Victory Star,,
586,Snivy,Normal,Grass Snake Pokémon,Grass,,81,45,55,63,Overgrow,,Contrary
587,Servine,Normal,Grass Snake Pokémon,Grass,,160,60,75,83,Overgrow,,Contrary
588,Serperior,Normal,Regal Pokémon,Grass,,630,75,95,113,Overgrow,,Contrary
589,Tepig,Normal,Fire Pig Pokémon,Fire,,99,63,45,45,Blaze,,Thick Fat
590,Pignite,Normal,Fire Pig Pokémon,Fire,Fighting,555,93,55,55,Blaze,,Thick Fat
591,Emboar,Normal,Mega Fire Pig Pokémon,Fire,Fighting,1500,123,65,65,Blaze,,Reckless
592,Oshawott,Normal,Sea Otter Pokémon,Water,,59,55,45,45,Torrent,,Shell Armor
593,Dewott,Normal,Discipline Pokémon,Water,,245,75,60,60,Torrent,,Shell Armor
594,Samurott,Normal,Formidable Pokémon,Water,,946,100,85,70,Torrent,,Shell Armor
595,Patrat,Normal,Scout Pokémon,Normal,,116,55,39,42,Run Away,Keen Eye,Analytic
596,Watchog,Normal,Lookout Pokémon,Normal,,270,85,69,77,Illuminate,Keen Eye,Analytic
597,Lillipup,Normal,Puppy Pokémon,Normal,,41,60,45,55,Vital Spirit,Pickup,Run Away
598,Herdier,Normal,Loyal Dog Pokémon,Normal,,147,80,65,60,Intimidate,Sand Rush,Scrappy
599,Stoutland,Normal,Big-Hearted Pokémon,Normal,,610,110,90,80,Intimidate,Sand Rush,Scrappy
600,Purrloin,Normal,Devious Pokémon,Dark,,101,50,37,66,Limber,Unburden,Prankster
601,Liepard,Normal,Cruel Pokémon,Dark,,375,88,50,106,Limber,Unburden,Prankster
602,Pansage,Normal,Grass Monkey Pokémon,Grass,,105,53,48,64,Gluttony,,Overgrow
603,Simisage,Normal,Thorn Monkey Pokémon,Grass,,305,98,63,101,Gluttony,,Overgrow
604,Pansear,Normal,High Temp Pokémon,Fire,,110,53,48,64,Gluttony,,Blaze
605,Simisear,Normal,Ember Pokémon,Fire,,280,98,63,101,Gluttony,,Blaze
606,Panpour,Normal,Spray Pokémon,Water,,135,53,48,64,Gluttony,,Torrent
607,Simipour,Normal,Geyser Pokémon,Water,,290,98,63,101,Gluttony,,Torrent
608,Munna,Normal,Dream Eater Pokémon,Psychic,,233,25,45,24,Forewarn,Synchronize,Telepathy
609,Musharna,Normal,Drowsing Pokémon,Psychic,,605,55,85,29,Forewarn,Synchronize,Telepathy
610,Pidove,Normal,Tiny Pigeon Pokémon,Normal,Flying,21,55,50,43,Big Pecks,Super Luck,Rivalry
611,Tranquill,Normal,Wild Pigeon Pokémon,Normal,Flying,150,77,62,65,Big Pecks,Super Luck,Rivalry
612,Unfezant,Normal,Proud Pokémon,Normal,Flying,290,115,80,93,Big Pecks,Super Luck,Rivalry
613,Blitzle,Normal,Electrified Pokémon,Electric,,298,60,32,76,Lightning Rod,Motor Drive,Sap Sipper
614,Zebstrika,Normal,Thunderbolt Pokémon,Electric,,795,100,63,116,Lightning Rod,Motor Drive,Sap Sipper
615,Roggenrola,Normal,Mantle Pokémon,Rock,,180,75,85,15,Sturdy,Weak Armor,Sand Force
616,Boldore,Normal,Ore Pokémon,Rock,,1020,105,105,20,Sturdy,Weak Armor,Sand Force
617,Gigalith,Normal,Compressed Pokémon,Rock,,2600,135,130,25,Sturdy,Sand Stream,Sand Force
618,Woobat,Normal,Bat Pokémon,Psychic,Flying,21,45,43,72,Unaware,Klutz,Simple
619,Swoobat,Normal,Courting Pokémon,Psychic,Flying,105,57,55,114,Unaware,Klutz,Simple
620,Drilbur,Normal,Mole Pokémon,Ground,,85,85,40,68,Sand Rush,Sand Force,Mold Breaker
621,Excadrill,Normal,Subterrene Pokémon,Ground,Steel,404,135,60,88,Sand Rush,Sand Force,Mold Breaker
622,Audino,Normal,Hearing Pokémon,Normal,,310,60,86,50,Healer,Regenerator,Klutz
623,Mega Audino,Normal,Hearing Pokémon,Normal,Fairy,320,60,126,50,Healer,,
624,Timburr,Normal,Muscular Pokémon,Fighting,,125,80,55,35,Guts,Sheer Force,Iron Fist
625,Gurdurr,Normal,Muscular Pokémon,Fighting,,400,105,85,40,Guts,Sheer Force,Iron Fist
626,Conkeldurr,Normal,Muscular Pokémon,Fighting,,870,140,95,45,Guts,Sheer Force,Iron Fist
627,Tympole,Normal,Tadpole Pokémon,Water,,45,50,40,64,Swift Swim,Hydration,Water Absorb
628,Palpitoad,Normal,Vibration Pokémon,Water,Ground,170,65,55,69,Swift Swim,Hydration,Water Absorb
629,Seismitoad,Normal,Vibration Pokémon,Water,Ground,620,95,75,74,Swift Swim,Poison Touch,Water Absorb
630,Throh,Normal,Judo Pokémon,Fighting,,555,100,85,45,Guts,Inner Focus,Mold Breaker
631,Sawk,Normal,Karate Pokémon,Fighting,,510,125,75,85,Sturdy,Inner Focus,Mold Breaker
632,Sewaddle,Normal,Sewing Pokémon,Bug,Grass,25,53,70,42,Swarm,Chlorophyll,Overcoat
633,Swadloon,Normal,Leaf-Wrapped Pokémon,Bug,Grass,73,63,90,42,Leaf Guard,Chlorophyll,Overcoat
634,Leavanny,Normal,Nurturing Pokémon,Bug,Grass,205,103,80,92,Swarm,Chlorophyll,Overcoat
635,Venipede,Normal,Centipede Pokémon,Bug,Poison,53,45,59,57,Poison Point,Swarm,Speed Boost
636,Whirlipede,Normal,Curlipede Pokémon,Bug,Poison,585,55,99,47,Poison Point,Swarm,Speed Boost
637,Scolipede,Normal,Megapede Pokémon,Bug,Poison,2005,100,89,112,Poison Point,Swarm,Speed Boost
638,Cottonee,Normal,Cotton Puff Pokémon,Grass,Fairy,6,27,60,66,Prankster,Infiltrator,Chlorophyll
639,Whimsicott,Normal,Windveiled Pokémon,Grass,Fairy,66,67,85,116,Prankster,Infiltrator,Chlorophyll
640,Petilil,Normal,Bulb Pokémon,Grass,,66,35,50,30,Chlorophyll,Own Tempo,Leaf Guard
641,Lilligant,Normal,Flowering Pokémon,Grass,,163,60,75,90,Chlorophyll,Own Tempo,Leaf Guard
642,Basculin Red-Striped Form,Normal,Hostile Pokémon,Water,,180,92,65,98,Reckless,Adaptability,Mold Breaker
643,Basculin Blue-Striped Form,Normal,Hostile Pokémon,Water,,180,92,65,98,Rock Head,Adaptability,Mold Breaker
644,Sandile,Normal,Desert Croc Pokémon,Ground,Dark,152,72,35,65,Intimidate,Moxie,Anger Point
645,Krokorok,Normal,Desert Croc Pokémon,Ground,Dark,334,82,45,74,Intimidate,Moxie,Anger Point
646,Krookodile,Normal,Intimidation Pokémon,Ground,Dark,963,117,80,92,Intimidate,Moxie,Anger Point
647,Darumaka,Normal,Zen Charm Pokémon,Fire,,375,90,45,50,Hustle,,Inner Focus
648,Galarian Darumaka,Normal,Zen Charm Pokémon,Ice,,400,90,45,50,Hustle,,Inner Focus
649,Darmanitan Standard Mode,Normal,Blazing Pokémon,Fire,,929,140,55,95,Sheer Force,,Zen Mode
650,Darmanitan Zen Mode,Normal,Blazing Pokémon,Fire,Psychic,929,30,105,55,Sheer Force,,Zen Mode
651,Darmanitan Galarian Standard Mode,Normal,Zen Charm Pokémon,Ice,,1200,140,55,95,Gorilla Tactics,,Zen Mode
652,Darmanitan Galarian Zen Mode,Normal,Zen Charm Pokémon,Ice,Fire,1200,160,55,135,Gorilla Tactics,,Zen Mode
653,Maractus,Normal,Cactus Pokémon,Grass,,280,86,67,60,Water Absorb,Chlorophyll,Storm Drain
654,Dwebble,Normal,Rock Inn Pokémon,Bug,Rock,145,65,85,55,Sturdy,Shell Armor,Weak Armor
655,Crustle,Normal,Stone Home Pokémon,Bug,Rock,2000,105,125,45,Sturdy,Shell Armor,Weak Armor
656,Scraggy,Normal,Shedding Pokémon,Dark,Fighting,118,75,70,48,Shed Skin,Moxie,Intimidate
657,Scrafty,Normal,Hoodlum Pokémon,Dark,Fighting,300,90,115,58,Shed Skin,Moxie,Intimidate
658,Sigilyph,Normal,Avianoid Pokémon,Psychic,Flying,140,58,80,97,Wonder Skin,Magic Guard,Tinted Lens
659,Yamask,Normal,Spirit Pokémon,Ghost,,15,30,85,30,Mummy,,
660,Galarian Yamask,Normal,Spirit Pokémon,Ground,Ghost,15,55,85,30,Wandering Spirit,,
661,Cofagrigus,Normal,Coffin Pokémon,Ghost,,765,50,145,30,Mummy,,
662,Tirtouga,Normal,Prototurtle Pokémon,Water,Rock,165,78,103,22,Solid Rock,Sturdy,Swift Swim
663,Carracosta,Normal,Prototurtle Pokémon,Water,Rock,810,108,133,32,Solid Rock,Sturdy,Swift Swim
664,Archen,Normal,First Bird Pokémon,Rock,Flying,95,112,45,70,Defeatist,,
665,Archeops,Normal,First Bird Pokémon,Rock,Flying,320,140,65,110,Defeatist,,
666,Trubbish,Normal,Trash Bag Pokémon,Poison,,310,50,62,65,Stench,Sticky Hold,Aftermath
667,Garbodor,Normal,Trash Heap Pokémon,Poison,,1073,95,82,75,Stench,Weak Armor,Aftermath
668,Zorua,Normal,Tricky Fox Pokémon,Dark,,125,65,40,65,Illusion,,
669,Zoroark,Normal,Illusion Fox Pokémon,Dark,,811,105,60,105,Illusion,,
670,Minccino,Normal,Chinchilla Pokémon,Normal,,58,50,40,75,Cute Charm,Technician,Skill Link
671,Cinccino,Normal,Scarf Pokémon,Normal,,75,95,60,115,Cute Charm,Technician,Skill Link
672,Gothita,Normal,Fixation Pokémon,Psychic,,58,30,50,45,Frisk,Competitive,Shadow Tag
673,Gothorita,Normal,Manipulate Pokémon,Psychic,,180,45,70,55,Frisk,Competitive,Shadow Tag
674,Gothitelle,Normal,Astral Body Pokémon,Psychic,,440,55,95,65,Frisk,Competitive,Shadow Tag
675,Solosis,Normal,Cell Pokémon,Psychic,,10,30,40,20,Overcoat,Magic Guard,Regenerator
676,Duosion,Normal,Mitosis Pokémon,Psychic,,80,40,50,30,Overcoat,Magic Guard,Regenerator
677,Reuniclus,Normal,Multiplying Pokémon,Psychic,,201,65,75,30,Overcoat,Magic Guard,Regenerator
678,Ducklett,Normal,Water Bird Pokémon,Water,Flying,55,44,50,55,Keen Eye,Big Pecks,Hydration
679,Swanna,Normal,White Bird Pokémon,Water,Flying,242,87,63,98,Keen Eye,Big Pecks,Hydration
680,Vanillite,Normal,Fresh Snow Pokémon,Ice,,57,50,50,44,Ice Body,Snow Cloak,Weak Armor
681,Vanillish,Normal,Icy Snow Pokémon,Ice,,410,65,65,59,Ice Body,Snow Cloak,Weak Armor
682,Vanilluxe,Normal,Snowstorm Pokémon,Ice,,575,95,85,79,Ice Body,Snow Warning,Weak Armor
683,Deerling,Normal,Season Pokémon,Normal,Grass,195,60,50,75,Chlorophyll,Sap Sipper,Serene Grace
684,Sawsbuck,Normal,Season Pokémon,Normal,Grass,925,100,70,95,Chlorophyll,Sap Sipper,Serene Grace
685,Emolga,Normal,Sky Squirrel Pokémon,Electric,Flying,50,75,60,103,Static,,Motor Drive
686,Karrablast,Normal,Clamping Pokémon,Bug,,59,75,45,60,Swarm,Shed Skin,No Guard
687,Escavalier,Normal,Cavalry Pokémon,Bug,Steel,330,135,105,20,Swarm,Shell Armor,Overcoat
688,Foongus,Normal,Mushroom Pokémon,Grass,Poison,10,55,45,15,Effect Spore,,Regenerator
689,Amoonguss,Normal,Mushroom Pokémon,Grass,Poison,105,85,70,30,Effect Spore,,Regenerator
690,Frillish,Normal,Floating Pokémon,Water,Ghost,330,40,50,40,Water Absorb,Cursed Body,Damp
691,Jellicent,Normal,Floating Pokémon,Water,Ghost,1350,60,70,60,Water Absorb,Cursed Body,Damp
692,Alomomola,Normal,Caring Pokémon,Water,,316,75,80,65,Healer,Hydration,Regenerator
693,Joltik,Normal,Attaching Pokémon,Bug,Electric,6,47,50,65,Compound Eyes,Unnerve,Swarm
694,Galvantula,Normal,EleSpider Pokémon,Bug,Electric,143,77,60,108,Compound Eyes,Unnerve,Swarm
695,Ferroseed,Normal,Thorn Seed Pokémon,Grass,Steel,188,50,91,10,Iron Barbs,,Anticipation
696,Ferrothorn,Normal,Thorn Pod Pokémon,Grass,Steel,1100,94,131,20,Iron Barbs,,Anticipation
697,Klink,Normal,Gear Pokémon,Steel,,210,55,70,30,Plus,Minus,Clear Body
698,Klang,Normal,Gear Pokémon,Steel,,510,80,95,50,Plus,Minus,Clear Body
699,Klinklang,Normal,Gear Pokémon,Steel,,810,100,115,90,Plus,Minus,Clear Body
700,Tynamo,Normal,EleFish Pokémon,Electric,,3,55,40,60,Levitate,,
701,Eelektrik,Normal,EleFish Pokémon,Electric,,220,85,70,40,Levitate,,
702,Eelektross,Normal,EleFish Pokémon,Electric,,805,115,80,50,Levitate,,
703,Elgyem,Normal,Cerebral Pokémon,Psychic,,90,55,55,30,Telepathy,Synchronize,Analytic
704,Beheeyem,Normal,Cerebral Pokémon,Psychic,,345,75,75,40,Telepathy,Synchronize,Analytic
705,Litwick,Normal,Candle Pokémon,Ghost,Fire,31,30,55,20,Flash Fire,Flame Body,Infiltrator
706,Lampent,Normal,Lamp Pokémon,Ghost,Fire,130,40,60,55,Flash Fire,Flame Body,Infiltrator
707,Chandelure,Normal,Luring Pokémon,Ghost,Fire,343,55,90,80,Flash Fire,Flame Body,Infiltrator
708,Axew,Normal,Tusk Pokémon,Dragon,,180,87,60,57,Rivalry,Mold Breaker,Unnerve
709,Fraxure,Normal,Axe Jaw Pokémon,Dragon,,360,117,70,67,Rivalry,Mold Breaker,Unnerve
710,Haxorus,Normal,Axe Jaw Pokémon,Dragon,,1055,147,90,97,Rivalry,Mold Breaker,Unnerve
711,Cubchoo,Normal,Chill Pokémon,Ice,,85,70,40,40,Snow Cloak,Slush Rush,Rattled
712,Beartic,Normal,Freezing Pokémon,Ice,,2600,130,80,50,Snow Cloak,Slush Rush,Swift Swim
713,Cryogonal,Normal,Crystallizing Pokémon,Ice,,1480,50,50,105,Levitate,,
714,Shelmet,Normal,Snail Pokémon,Bug,,77,40,85,25,Hydration,Shell Armor,Overcoat
715,Accelgor,Normal,Shell Out Pokémon,Bug,,253,70,40,145,Hydration,Sticky Hold,Unburden
716,Stunfisk,Normal,Trap Pokémon,Ground,Electric,110,66,84,32,Static,Limber,Sand Veil
717,Galarian Stunfisk,Normal,Trap Pokémon,Ground,Steel,205,81,99,32,Mimicry,,
718,Mienfoo,Normal,Martial Arts Pokémon,Fighting,,200,85,50,65,Inner Focus,Regenerator,Reckless
719,Mienshao,Normal,Martial Arts Pokémon,Fighting,,355,125,60,105,Inner Focus,Regenerator,Reckless
720,Druddigon,Normal,Cave Pokémon,Dragon,,1390,120,90,48,Rough Skin,Sheer Force,Mold Breaker
721,Golett,Normal,Automaton Pokémon,Ground,Ghost,920,74,50,35,Iron Fist,Klutz,No Guard
722,Golurk,Normal,Automaton Pokémon,Ground,Ghost,3300,124,80,55,Iron Fist,Klutz,No Guard
723,Pawniard,Normal,Sharp Blade Pokémon,Dark,Steel,102,85,70,60,Defiant,Inner Focus,Pressure
724,Bisharp,Normal,Sword Blade Pokémon,Dark,Steel,700,125,100,70,Defiant,Inner Focus,Pressure
725,Bouffalant,Normal,Bash Buffalo Pokémon,Normal,,946,110,95,55,Reckless,Sap Sipper,Soundproof
726,Rufflet,Normal,Eaglet Pokémon,Normal,Flying,105,83,50,60,Keen Eye,Sheer Force,Hustle
727,Braviary,Normal,Valiant Pokémon,Normal,Flying,410,123,75,80,Keen Eye,Sheer Force,Defiant
728,Vullaby,Normal,Diapered Pokémon,Dark,Flying,90,55,75,60,Big Pecks,Overcoat,Weak Armor
729,Mandibuzz,Normal,Bone Vulture Pokémon,Dark,Flying,395,65,105,80,Big Pecks,Overcoat,Weak Armor
730,Heatmor,Normal,Anteater Pokémon,Fire,,580,97,66,65,Gluttony,Flash Fire,White Smoke
731,Durant,Normal,Iron Ant Pokémon,Bug,Steel,330,109,112,109,Swarm,Hustle,Truant
732,Deino,Normal,Irate Pokémon,Dark,Dragon,173,65,50,38,Hustle,,
733,Zweilous,Normal,Hostile Pokémon,Dark,Dragon,500,85,70,58,Hustle,,
734,Hydreigon,Normal,Brutal Pokémon,Dark,Dragon,1600,105,90,98,Levitate,,
735,Larvesta,Normal,Torch Pokémon,Bug,Fire,288,85,55,60,Flame Body,,Swarm
736,Volcarona,Normal,Sun Pokémon,Bug,Fire,460,60,65,100,Flame Body,,Swarm
737,Cobalion,Sub Legendary,Iron Will Pokémon,Steel,Fighting,2500,90,129,108,Justified,,
738,Terrakion,Sub Legendary,Cavern Pokémon,Rock,Fighting,2600,129,90,108,Justified,,
739,Virizion,Sub Legendary,Grassland Pokémon,Grass,Fighting,2000,90,72,108,Justified,,
740,Tornadus Incarnate Forme,Sub Legendary,Cyclone Pokémon,Flying,,630,115,70,111,Prankster,,Defiant
741,Tornadus Therian Forme,Sub Legendary,Cyclone Pokémon,Flying,,630,100,80,121,Regenerator,,
742,Thundurus Incarnate Forme,Sub Legendary,Bolt Strike Pokémon,Electric,Flying,610,115,70,111,Prankster,,Defiant
743,Thundurus Therian Forme,Sub Legendary,Bolt Strike Pokémon,Electric,Flying,610,105,70,101,Volt Absorb,,
744,Reshiram,Legendary,Vast White Pokémon,Dragon,Fire,3300,120,100,90,Turboblaze,,
745,Zekrom,Legendary,Deep Black Pokémon,Dragon,Electric,3450,150,120,90,Teravolt,,
746,Landorus Incarnate Forme,Sub Legendary,Abundance Pokémon,Ground,Flying,680,125,90,101,Sand Force,,Sheer Force
747,Landorus Therian Forme,Sub Legendary,Abundance Pokémon,Ground,Flying,680,145,90,91,Intimidate,,
748,Kyurem,Legendary,Boundary Pokémon,Dragon,Ice,3250,130,90,95,Pressure,,
749,Black Kyurem,Legendary,Boundary Pokémon,Dragon,Ice,3250,170,100,95,Teravolt,,
750,White Kyurem,Legendary,Boundary Pokémon,Dragon,Ice,3250,120,90,95,Turboblaze,,
751,Keldeo Ordinary Forme,Mythical,Colt Pokémon,Water,Fighting,485,72,90,108,Justified,,
752,Keldeo Resolute Forme,Mythical,Colt Pokémon,Water,Fighting,485,72,90,108,Justified,,
753,Meloetta Aria Forme,Mythical,Melody Pokémon,Normal,Psychic,65,77,77,90,Serene Grace,,
754,Meloetta Pirouette Forme,Mythical,Melody Pokémon,Normal,Fighting,65,128,90,128,Serene Grace,,
755,Genesect,Mythical,Paleozoic Pokémon,Bug,Steel,825,120,95,99,Download,,
756,Chespin,Normal,Spiny Nut Pokémon,Grass,,90,61,65,38,Overgrow,,Bulletproof
757,Quilladin,Normal,Spiny Armor Pokémon,Grass,,290,78,95,57,Overgrow,,Bulletproof
758,Chesnaught,Normal,Spiny Armor Pokémon,Grass,Fighting,900,107,122,64,Overgrow,,Bulletproof
759,Fennekin,Normal,Fox Pokémon,Fire,,94,45,40,60,Blaze,,Magician
760,Braixen,Normal,Fox Pokémon,Fire,,145,59,58,73,Blaze,,Magician
761,Delphox,Normal,Fox Pokémon,Fire,Psychic,390,69,72,104,Blaze,,Magician
762,Froakie,Normal,Bubble Frog Pokémon,Water,,70,56,40,71,Torrent,,Protean
763,Frogadier,Normal,Bubble Frog Pokémon,Water,,109,63,52,97,Torrent,,Protean
764,Greninja,Normal,Ninja Pokémon,Water,Dark,400,95,67,122,Torrent,,Protean
765,Ash-Greninja,Normal,Ninja Pokémon,Water,Dark,400,145,67,132,Battle Bond,,
766,Bunnelby,Normal,Digging Pokémon,Normal,,50,36,38,57,Pickup,Cheek Pouch,Huge Power
767,Diggersby,Normal,Digging Pokémon,Normal,Ground,424,56,77,78,Pickup,Cheek Pouch,Huge Power
768,Fletchling,Normal,Tiny Robin Pokémon,Normal,Flying,17,50,43,62,Big Pecks,,Gale Wings
769,Fletchinder,Normal,Ember Pokémon,Fire,Flying,160,73,55,84,Flame Body,,Gale Wings
770,Talonflame,Normal,Scorching Pokémon,Fire,Flying,245,81,71,126,Flame Body,,Gale Wings
771,Scatterbug,Normal,Scatterdust Pokémon,Bug,,25,35,40,35,Shield Dust,Compound Eyes,Friend Guard
772,Spewpa,Normal,Scatterdust Pokémon,Bug,,84,22,60,29,Shed Skin,,Friend Guard
773,Vivillon,Normal,Scale Pokémon,Bug,Flying,170,52,50,89,Shield Dust,Compound Eyes,Friend Guard
774,Litleo,Normal,Lion Cub Pokémon,Fire,Normal,135,50,58,72,Rivalry,Unnerve,Moxie
775,Pyroar,Normal,Royal Pokémon,Fire,Normal,815,68,72,106,Rivalry,Unnerve,Moxie
776,Flabébé,Normal,Single Bloom Pokémon,Fairy,,1,38,39,42,Flower Veil,,Symbiosis
777,Floette,Normal,Single Bloom Pokémon,Fairy,,9,45,47,52,Flower Veil,,Symbiosis
778,Florges,Normal,Garden Pokémon,Fairy,,100,65,68,75,Flower Veil,,Symbiosis
779,Skiddo,Normal,Mount Pokémon,Grass,,310,65,48,52,Sap Sipper,,Grass Pelt
780,Gogoat,Normal,Mount Pokémon,Grass,,910,100,62,68,Sap Sipper,,Grass Pelt
781,Pancham,Normal,Playful Pokémon,Fighting,,80,82,62,43,Iron Fist,Mold Breaker,Scrappy
782,Pangoro,Normal,Daunting Pokémon,Fighting,Dark,1360,124,78,58,Iron Fist,Mold Breaker,Scrappy
783,Furfrou,Normal,Poodle Pokémon,Normal,,280,80,60,102,Fur Coat,,
784,Espurr,Normal,Restraint Pokémon,Psychic,,35,48,54,68,Keen Eye,Infiltrator,Own Tempo
785,Meowstic Male,Normal,Constraint Pokémon,Psychic,,85,48,76,104,Keen Eye,Infiltrator,Prankster
786,Meowstic Female,Normal,Constraint Pokémon,Psychic,,85,48,76,104,Keen Eye,Infiltrator,Competitive
787,Honedge,Normal,Sword Pokémon,Steel,Ghost,20,80,100,28,No Guard,,
788,Doublade,Normal,Sword Pokémon,Steel,Ghost,45,110,150,35,No Guard,,
789,Aegislash Blade Forme,Normal,Royal Sword Pokémon,Steel,Ghost,530,150,50,60,Stance Change,,
790,Aegislash Shield Forme,Normal,Royal Sword Pokémon,Steel,Ghost,530,50,150,60,Stance Change,,
791,Spritzee,Normal,Perfume Pokémon,Fairy,,5,52,60,23,Healer,,Aroma Veil
792,Aromatisse,Normal,Fragrance Pokémon,Fairy,,155,72,72,29,Healer,,Aroma Veil
793,Swirlix,Normal,Cotton Candy Pokémon,Fairy,,35,48,66,49,Sweet Veil,,Unburden
794,Slurpuff,Normal,Meringue Pokémon,Fairy,,50,80,86,72,Sweet Veil,,Unburden
795,Inkay,Normal,Revolving Pokémon,Dark,Psychic,35,54,53,45,Contrary,Suction Cups,Infiltrator
796,Malamar,Normal,Overturning Pokémon,Dark,Psychic,470,92,88,73,Contrary,Suction Cups,Infiltrator
797,Binacle,Normal,Two-Handed Pokémon,Rock,Water,310,52,67,50,Sniper,Tough Claws,Pickpocket
798,Barbaracle,Normal,Collective Pokémon,Rock,Water,960,105,115,68,Sniper,Tough Claws,Pickpocket
799,Skrelp,Normal,Mock Kelp Pokémon,Poison,Water,73,60,60,30,Poison Point,Poison Touch,Adaptability
800,Dragalge,Normal,Mock Kelp Pokémon,Poison,Dragon,815,75,90,44,Poison Point,Poison Touch,Adaptability
801,Clauncher,Normal,Water Gun Pokémon,Water,,83,53,62,44,Mega Launcher,,
802,Clawitzer,Normal,Howitzer Pokémon,Water,,353,73,88,59,Mega Launcher,,
803,Helioptile,Normal,Generator Pokémon,Electric,Normal,60,38,33,70,Dry Skin,Sand Veil,Solar Power
804,Heliolisk,Normal,Generator Pokémon,Electric,Normal,210,55,52,109,Dry Skin,Sand Veil,Solar Power
805,Tyrunt,Normal,Royal Heir Pokémon,Rock,Dragon,260,89,77,48,Strong Jaw,,Sturdy
806,Tyrantrum,Normal,Despot Pokémon,Rock,Dragon,2700,121,119,71,Strong Jaw,,Rock Head
807,Amaura,Normal,Tundra Pokémon,Rock,Ice,252,59,50,46,Refrigerate,,Snow Warning
808,Aurorus,Normal,Tundra Pokémon,Rock,Ice,2250,77,72,58,Refrigerate,,Snow Warning
809,Sylveon,Normal,Intertwining Pokémon,Fairy,,235,65,65,60,Cute Charm,,Pixilate
810,Hawlucha,Normal,Wrestling Pokémon,Fighting,Flying,215,92,75,118,Limber,Unburden,Mold Breaker
811,Dedenne,Normal,Antenna Pokémon,Electric,Fairy,22,58,57,101,Cheek Pouch,Pickup,Plus
812,Carbink,Normal,Jewel Pokémon,Rock,Fairy,57,50,150,50,Clear Body,,Sturdy
813,Goomy,Normal,Soft Tissue Pokémon,Dragon,,28,50,35,40,Sap Sipper,Hydration,Gooey
814,Sliggoo,Normal,Soft Tissue Pokémon,Dragon,,175,75,53,60,Sap Sipper,Hydration,Gooey
815,Goodra,Normal,Dragon Pokémon,Dragon,,1505,100,70,80,Sap Sipper,Hydration,Gooey
816,Klefki,Normal,Key Ring Pokémon,Steel,Fairy,30,80,91,75,Prankster,,Magician
817,Phantump,Normal,Stump Pokémon,Ghost,Grass,70,70,48,38,Natural Cure,Frisk,Harvest
818,Trevenant,Normal,Elder Tree Pokémon,Ghost,Grass,710,110,76,56,Natural Cure,Frisk,Harvest
819,Pumpkaboo Average Size,Normal,Pumpkin Pokémon,Ghost,Grass,50,66,70,51,Pickup,Frisk,Insomnia
820,Pumpkaboo Small Size,Normal,Pumpkin Pokémon,Ghost,Grass,35,66,70,56,Pickup,Frisk,Insomnia
821,Pumpkaboo Large Size,Normal,Pumpkin Pokémon,Ghost,Grass,75,66,70,46,Pickup,Frisk,Insomnia
822,Pumpkaboo Super Size,Normal,Pumpkin Pokémon,Ghost,Grass,150,66,70,41,Pickup,Frisk,Insomnia
823,Gourgeist Average Size,Normal,Pumpkin Pokémon,Ghost,Grass,125,90,122,84,Pickup,Frisk,Insomnia
824,Gourgeist Small Size,Normal,Pumpkin Pokémon,Ghost,Grass,95,85,122,99,Pickup,Frisk,Insomnia
825,Gourgeist Large Size,Normal,Pumpkin Pokémon,Ghost,Grass,140,95,122,69,Pickup,Frisk,Insomnia
826,Gourgeist Super Size,Normal,Pumpkin Pokémon,Ghost,Grass,390,100,122,54,Pickup,Frisk,Insomnia
827,Bergmite,Normal,Ice Chunk Pokémon,Ice,,995,69,85,28,Own Tempo,Ice Body,Sturdy
828,Avalugg,Normal,Iceberg Pokémon,Ice,,5050,117,184,28,Own Tempo,Ice Body,Sturdy
829,Noibat,Normal,Sound Wave Pokémon,Flying,Dragon,80,30,35,55,Frisk,Infiltrator,Telepathy
830,Noivern,Normal,Sound Wave Pokémon,Flying,Dragon,850,70,80,123,Frisk,Infiltrator,Telepathy
831,Xerneas,Legendary,Life Pokémon,Fairy,,2150,131,95,99,Fairy Aura,,
832,Yveltal,Legendary,Destruction Pokémon,Dark,Flying,2030,131,95,99,Dark Aura,,
833,Zygarde 50% Forme,Legendary,Order Pokémon,Dragon,Ground,3050,100,121,95,Aura Break,Power Construct,
834,Zygarde 10% Forme,Legendary,Order Pokémon,Dragon,Ground,335,100,71,115,Aura Break,Power Construct,
835,Zygarde Complete Forme,Legendary,Order Pokémon,Dragon,Ground,6100,100,121,85,Power Construct,,
836,Diancie,Mythical,Jewel Pokémon,Rock,Fairy,88,100,150,50,Clear Body,,
837,Mega Diancie,Mythical,Jewel Pokémon,Rock,Fairy,278,160,110,110,Magic Bounce,,
838,Hoopa Hoopa Confined,Mythical,Mischief Pokémon,Psychic,Ghost,90,110,60,70,Magician,,
839,Hoopa Hoopa Unbound,Mythical,Djinn Pokémon,Psychic,Dark,4900,160,60,80,Magician,,
840,Volcanion,Mythical,Steam Pokémon,Fire,Water,1950,110,120,70,Water Absorb,,
841,Rowlet,Normal,Grass Quill Pokémon,Grass,Flying,15,55,55,42,Overgrow,,Long Reach
842,Dartrix,Normal,Blade Quill Pokémon,Grass,Flying,160,75,75,52,Overgrow,,Long Reach
843,Decidueye,Normal,Arrow Quill Pokémon,Grass,Ghost,366,107,75,70,Overgrow,,Long Reach
844,Litten,Normal,Fire Cat Pokémon,Fire,,43,65,40,70,Blaze,,Intimidate
845,Torracat,Normal,Fire Cat Pokémon,Fire,,250,85,50,90,Blaze,,Intimidate
846,Incineroar,Normal,Heel Pokémon,Fire,Dark,830,115,90,60,Blaze,,Intimidate
847,Popplio,Normal,Sea Lion Pokémon,Water,,75,54,54,40,Torrent,,Liquid Voice
848,Brionne,Normal,Pop Star Pokémon,Water,,175,69,69,50,Torrent,,Liquid Voice
849,Primarina,Normal,Soloist Pokémon,Water,Fairy,440,74,74,60,Torrent,,Liquid Voice
850,Pikipek,Normal,Woodpecker Pokémon,Normal,Flying,12,75,30,65,Keen Eye,Skill Link,Pickup
851,Trumbeak,Normal,Bugle Beak Pokémon,Normal,Flying,148,85,50,75,Keen Eye,Skill Link,Pickup
852,Toucannon,Normal,Cannon Pokémon,Normal,Flying,260,120,75,60,Keen Eye,Skill Link,Sheer Force
853,Yungoos,Normal,Loitering Pokémon,Normal,,60,70,30,45,Strong Jaw,Stakeout,Adaptability
854,Gumshoos,Normal,Stakeout Pokémon,Normal,,142,110,60,45,Strong Jaw,Stakeout,Adaptability
855,Grubbin,Normal,Larva Pokémon,Bug,,44,62,45,46,Swarm,,
856,Charjabug,Normal,Battery Pokémon,Bug,Electric,105,82,95,36,Battery,,
857,Vikavolt,Normal,Stag Beetle Pokémon,Bug,Electric,450,70,90,43,Levitate,,
858,Crabrawler,Normal,Boxing Pokémon,Fighting,,70,82,57,63,Hyper Cutter,Iron Fist,Anger Point
859,Crabominable,Normal,Woolly Crab Pokémon,Fighting,Ice,1800,132,77,43,Hyper Cutter,Iron Fist,Anger Point
860,Oricorio Baile Style,Normal,Dancing Pokémon,Fire,Flying,34,70,70,93,Dancer,,
861,Oricorio Pom-Pom Style,Normal,Dancing Pokémon,Electric,Flying,34,70,70,93,Dancer,,
862,Oricorio Pa'u Style,Normal,Dancing Pokémon,Psychic,Flying,34,70,70,93,Dancer,,
863,Oricorio Sensu Style,Normal,Dancing Pokémon,Ghost,Flying,34,70,70,93,Dancer,,
864,Cutiefly,Normal,Bee Fly Pokémon,Bug,Fairy,2,45,40,84,Honey Gather,Shield Dust,Sweet Veil
865,Ribombee,Normal,Bee Fly Pokémon,Bug,Fairy,5,55,60,124,Honey Gather,Shield Dust,Sweet Veil
866,Rockruff,Normal,Puppy Pokémon,Rock,,92,65,40,60,Keen Eye,Vital Spirit,Steadfast
867,Own Tempo Rockruff,Normal,Puppy Pokémon,Rock,,92,65,40,60,Own Tempo,,
868,Lycanroc Midday Form,Normal,Wolf Pokémon,Rock,,250,115,65,112,Keen Eye,Sand Rush,Steadfast
869,Lycanroc Midnight Form,Normal,Wolf Pokémon,Rock,,250,115,75,82,Keen Eye,Vital Spirit,No Guard
870,Lycanroc Dusk Form,Normal,Wolf Pokémon,Rock,,250,117,65,110,Tough Claws,,
871,Wishiwashi Solo Form,Normal,Small Fry Pokémon,Water,,3,20,20,40,Schooling,,
872,Wishiwashi School Form,Normal,Small Fry Pokémon,Water,,786,140,130,30,Schooling,,
873,Mareanie,Normal,Brutal Star Pokémon,Poison,Water,80,53,62,45,Merciless,Limber,Regenerator
874,Toxapex,Normal,Brutal Star Pokémon,Poison,Water,145,63,152,35,Merciless,Limber,Regenerator
875,Mudbray,Normal,Donkey Pokémon,Ground,,1100,100,70,45,Own Tempo,Stamina,Inner Focus
876,Mudsdale,Normal,Draft Horse Pokémon,Ground,,9200,125,100,35,Own Tempo,Stamina,Inner Focus
877,Dewpider,Normal,Water Bubble Pokémon,Water,Bug,40,40,52,27,Water Bubble,,Water Absorb
878,Araquanid,Normal,Water Bubble Pokémon,Water,Bug,820,70,92,42,Water Bubble,,Water Absorb
879,Fomantis,Normal,Sickle Grass Pokémon,Grass,,15,55,35,35,Leaf Guard,,Contrary
880,Lurantis,Normal,Bloom Sickle Pokémon,Grass,,185,105,90,45,Leaf Guard,,Contrary
881,Morelull,Normal,Illuminating Pokémon,Grass,Fairy,15,35,55,15,Illuminate,Effect Spore,Rain Dish
882,Shiinotic,Normal,Illuminating Pokémon,Grass,Fairy,115,45,80,30,Illuminate,Effect Spore,Rain Dish
883,Salandit,Normal,Toxic Lizard Pokémon,Poison,Fire,48,44,40,77,Corrosion,,Oblivious
884,Salazzle,Normal,Toxic Lizard Pokémon,Poison,Fire,222,64,60,117,Corrosion,,Oblivious
885,Stufful,Normal,Flailing Pokémon,Normal,Fighting,68,75,50,50,Fluffy,Klutz,Cute Charm
886,Bewear,Normal,Strong Arm Pokémon,Normal,Fighting,1350,125,80,60,Fluffy,Klutz,Unnerve
887,Bounsweet,Normal,Fruit Pokémon,Grass,,32,30,38,32,Leaf Guard,Oblivious,Sweet Veil
888,Steenee,Normal,Fruit Pokémon,Grass,,82,40,48,62,Leaf Guard,Oblivious,Sweet Veil
889,Tsareena,Normal,Fruit Pokémon,Grass,,214,120,98,72,Leaf Guard,Queenly Majesty,Sweet Veil
890,Comfey,Normal,Posy Picker Pokémon,Fairy,,3,52,90,100,Flower Veil,Triage,Natural Cure
891,Oranguru,Normal,Sage Pokémon,Normal,Psychic,760,60,80,60,Inner Focus,Telepathy,Symbiosis
892,Passimian,Normal,Teamwork Pokémon,Fighting,,828,120,90,80,Receiver,,Defiant
893,Wimpod,Normal,Turn Tail Pokémon,Bug,Water,120,35,40,80,Wimp Out,,
894,Golisopod,Normal,Hard Scale Pokémon,Bug,Water,1080,125,140,40,Emergency Exit,,
895,Sandygast,Normal,Sand Heap Pokémon,Ghost,Ground,700,55,80,15,Water Compaction,,Sand Veil
896,Palossand,Normal,Sand Castle Pokémon,Ghost,Ground,2500,75,110,35,Water Compaction,,Sand Veil
897,Pyukumuku,Normal,Sea Cucumber Pokémon,Water,,12,60,130,5,Innards Out,,Unaware
898,Type: Null,Sub Legendary,Synthetic Pokémon,Normal,,1205,95,95,59,Battle Armor,,
899,Silvally,Sub Legendary,Synthetic Pokémon,Normal,,1005,95,95,95,RKS System,,
900,Minior Meteor Form,Normal,Meteor Pokémon,Rock,Flying,400,60,100,60,Shields Down,,
901,Minior Core Form,Normal,Meteor Pokémon,Rock,Flying,3,100,60,120,Shields Down,,
902,Komala,Normal,Drowsing Pokémon,Normal,,199,115,65,65,Comatose,,
903,Turtonator,Normal,Blast Turtle Pokémon,Fire,Dragon,2120,78,135,36,Shell Armor,,
904,Togedemaru,Normal,Roly-Poly Pokémon,Electric,Steel,33,98,63,96,Iron Barbs,Lightning Rod,Sturdy
905,Mimikyu,Normal,Disguise Pokémon,Ghost,Fairy,7,90,80,96,Disguise,,
906,Bruxish,Normal,Gnash Teeth Pokémon,Water,Psychic,190,105,70,92,Dazzling,Strong Jaw,Wonder Skin
907,Drampa,Normal,Placid Pokémon,Normal,Dragon,1850,60,85,36,Berserk,Sap Sipper,Cloud Nine
908,Dhelmise,Normal,Sea Creeper Pokémon,Ghost,Grass,2100,131,100,40,Steelworker,,
909,Jangmo-o,Normal,Scaly Pokémon,Dragon,,297,55,65,45,Bulletproof,Soundproof,Overcoat
910,Hakamo-o,Normal,Scaly Pokémon,Dragon,Fighting,470,75,90,65,Bulletproof,Soundproof,Overcoat
911,Kommo-o,Normal,Scaly Pokémon,Dragon,Fighting,782,110,125,85,Bulletproof,Soundproof,Overcoat
912,Tapu Koko,Sub Legendary,Land Spirit Pokémon,Electric,Fairy,205,115,85,130,Electric Surge,,Telepathy
913,Tapu Lele,Sub Legendary,Land Spirit Pokémon,Psychic,Fairy,186,85,75,95,Psychic Surge,,Telepathy
914,Tapu Bulu,Sub Legendary,Land Spirit Pokémon,Grass,Fairy,455,130,115,75,Grassy Surge,,Telepathy
915,Tapu Fini,Sub Legendary,Land Spirit Pokémon,Water,Fairy,212,75,115,85,Misty Surge,,Telepathy
916,Cosmog,Legendary,Nebula Pokémon,Psychic,,1,29,31,37,Unaware,,
917,Cosmoem,Legendary,Protostar Pokémon,Psychic,,9999,29,131,37,Sturdy,,
918,Solgaleo,Legendary,Sunne Pokémon,Psychic,Steel,2300,137,107,97,Full Metal Body,,
919,Lunala,Legendary,Moone Pokémon,Psychic,Ghost,1200,113,89,97,Shadow Shield,,
920,Nihilego,Sub Legendary,Parasite Pokémon,Rock,Poison,555,53,47,103,Beast Boost,,
921,Buzzwole,Sub Legendary,Swollen Pokémon,Bug,Fighting,3336,139,139,79,Beast Boost,,
922,Pheromosa,Sub Legendary,Lissome Pokémon,Bug,Fighting,250,137,37,151,Beast Boost,,
923,Xurkitree,Sub Legendary,Glowing Pokémon,Electric,,1000,89,71,83,Beast Boost,,
924,Celesteela,Sub Legendary,Launch Pokémon,Steel,Flying,9999,101,103,61,Beast Boost,,
925,Kartana,Sub Legendary,Drawn Sword Pokémon,Grass,Steel,1,181,131,109,Beast Boost,,
926,Guzzlord,Sub Legendary,Junkivore Pokémon,Dark,Dragon,8880,101,53,43,Beast Boost,,
927,Necrozma,Legendary,Prism Pokémon,Psychic,,2300,107,101,79,Prism Armor,,
928,Dusk Mane Necrozma,Legendary,Prism Pokémon,Psychic,Steel,4600,157,127,77,Prism Armor,,
929,Dawn Wings Necrozma,Legendary,Prism Pokémon,Psychic,Ghost,3500,113,109,77,Prism Armor,,
930,Ultra Necrozma,Legendary,Prism Pokémon,Psychic,Dragon,2300,167,97,129,Neuroforce,,
931,Magearna,Mythical,Artificial Pokémon,Steel,Fairy,805,95,115,65,Soul-Heart,,
932,Marshadow,Mythical,Gloomdweller Pokémon,Fighting,Ghost,222,125,80,125,Technician,,
933,Poipole,Sub Legendary,Poison Pin Pokémon,Poison,,18,73,67,73,Beast Boost,,
934,Naganadel,Sub Legendary,Poison Pin Pokémon,Poison,Dragon,1500,73,73,121,Beast Boost,,
935,Stakataka,Sub Legendary,Rampart Pokémon,Rock,Steel,8200,131,211,13,Beast Boost,,
936,Blacephalon,Sub Legendary,Fireworks Pokémon,Fire,Ghost,130,127,53,107,Beast Boost,,
937,Zeraora,Mythical,Thunderclap Pokémon,Electric,,445,112,75,143,Volt Absorb,,
938,Meltan,Mythical,Hex Nut Pokémon,Steel,,80,65,65,34,Magnet Pull,,
939,Melmetal,Mythical,Hex Nut Pokémon,Steel,,8000,143,143,34,Iron Fist,,
940,Grookey,Normal,Chimp Pokémon,Grass,,50,65,50,65,Overgrow,,Grassy Surge
941,Thwackey,Normal,Beat Pokémon,Grass,,140,85,70,80,Overgrow,,Grassy Surge
942,Rillaboom,Normal,Drummer Pokémon,Grass,,900,125,90,85,Overgrow,,Grassy Surge
943,Scorbunny,Normal,Rabbit Pokémon,Fire,,45,71,40,69,Blaze,,Libero
944,Raboot,Normal,Rabbit Pokémon,Fire,,90,86,60,94,Blaze,,Libero
945,Cinderace,Normal,Striker Pokémon,Fire,,330,116,75,119,Blaze,,Libero
946,Sobble,Normal,Water Lizard Pokémon,Water,,40,40,40,70,Torrent,,Sniper
947,Drizzile,Normal,Water lizard Pokémon,Water,,115,60,55,90,Torrent,,Sniper
948,Inteleon,Normal,Secret Agent Pokémon,Water,,452,85,65,120,Torrent,,Sniper
949,Skwovet,Normal,Cheeky Pokémon,Normal,,25,55,55,25,Cheek Pouch,,Gluttony
950,Greedent,Normal,Greedy Pokémon,Normal,,60,95,95,20,Cheek Pouch,,Gluttony
951,Rookidee,Normal,Tiny Bird Pokémon,Flying,,18,47,35,57,Keen Eye,Unnerve,Big Pecks
952,Corvisquire,Normal,Raven Pokémon,Flying,,160,67,55,77,Keen Eye,Unnerve,Big Pecks
953,Corviknight,Normal,Raven Pokémon,Flying,Steel,750,87,105,67,Pressure,Unnerve,Mirror Armor
954,Blipbug,Normal,Larva Pokémon,Bug,,80,20,20,45,Swarm,Compound Eyes,Telepathy
955,Dottler,Normal,Radome Pokémon,Bug,Psychic,195,35,80,30,Swarm,Compound Eyes,Telepathy
956,Orbeetle,Normal,Seven Spot Pokémon,Bug,Psychic,408,45,110,90,Swarm,Frisk,Telepathy
957,Nickit,Normal,Fox Pokémon,Dark,,89,28,28,50,Run Away,Unburden,Stakeout
958,Thievul,Normal,Fox Pokémon,Dark,,199,58,58,90,Run Away,Unburden,Stakeout
959,Gossifleur,Normal,Flowering Pokémon,Grass,,22,40,60,10,Cotton Down,Regenerator,Effect Spore
960,Eldegoss,Normal,Cotton Bloom Pokémon,Grass,,25,50,90,60,Cotton Down,Regenerator,Effect Spore
961,Wooloo,Normal,Sheep Pokémon,Normal,,60,40,55,48,Fluffy,Run Away,Bulletproof
962,Dubwool,Normal,Sheep Pokémon,Normal,,430,80,100,88,Fluffy,Steadfast,Bulletproof
963,Chewtle,Normal,Snapping Pokémon,Water,,85,64,50,44,Strong Jaw,Shell Armor,Swift Swim
964,Drednaw,Normal,Bite Pokémon,Water,Rock,1155,115,90,74,Strong Jaw,Shell Armor,Swift Swim
965,Yamper,Normal,Puppy Pokémon,Electric,,135,45,50,26,Ball Fetch,,Rattled
966,Boltund,Normal,Dog Pokémon,Electric,,340,90,60,121,Strong Jaw,,Competitive
967,Rolycoly,Normal,Coal Pokémon,Rock,,120,40,50,30,Steam Engine,Heatproof,Flash Fire
968,Carkol,Normal,Coal Pokémon,Rock,Fire,780,60,90,50,Steam Engine,Flame Body,Flash Fire
969,Coalossal,Normal,Coal Pokémon,Rock,Fire,3105,80,120,30,Steam Engine,Flame Body,Flash Fire
970,Applin,Normal,Apple Core Pokémon,Grass,Dragon,5,40,80,20,Ripen,Gluttony,Bulletproof
971,Flapple,Normal,Apple Wing Pokémon,Grass,Dragon,10,110,80,70,Ripen,Gluttony,Hustle
972,Appletun,Normal,Apple Nectar Pokémon,Grass,Dragon,130,85,80,30,Ripen,Gluttony,Thick Fat
973,Silicobra,Normal,Sand Snake Pokémon,Ground,,76,57,75,46,Sand Spit,Shed Skin,Sand Veil
974,Sandaconda,Normal,Sand Snake Pokémon,Ground,,655,107,125,71,Sand Spit,Shed Skin,Sand Veil
975,Cramorant,Normal,Gulp Pokémon,Flying,Water,180,85,55,85,Gulp Missile,,
976,Arrokuda,Normal,Rush Pokémon,Water,,10,63,40,66,Swift Swim,,Propeller Tail
977,Barraskewda,Normal,Skewer Pokémon,Water,,300,123,60,136,Swift Swim,,Propeller Tail
978,Toxel,Normal,Baby Pokémon,Electric,Poison,110,38,35,40,Rattled,Static,Klutz
979,Toxtricity Low Key Form,Normal,Punk Pokémon,Electric,Poison,400,98,70,75,Punk Rock,Minus,Technician
980,Toxtricity Amped Form,Normal,Punk Pokémon,Electric,Poison,400,98,70,75,Punk Rock,Plus,Technician
981,Sizzlipede,Normal,Radiator Pokémon,Fire,Bug,10,65,45,45,Flash Fire,White Smoke,Flame Body
982,Centiskorch,Normal,Radiator Pokémon,Fire,Bug,1200,115,65,65,Flash Fire,White Smoke,Flame Body
983,Clobbopus,Normal,Tantrum Pokémon,Fighting,,40,68,60,32,Limber,,Technician
984,Grapploct,Normal,Tantrum Pokémon,Fighting,,390,118,90,42,Limber,,Technician
985,Sinistea,Normal,Black Tea Pokémon,Ghost,,2,45,45,50,Weak Armor,,Cursed Body
986,Polteageist,Normal,Black Tea Pokémon,Ghost,,4,65,65,70,Weak Armor,,Cursed Body
987,Hatenna,Normal,Calm Pokémon,Psychic,,34,30,45,39,Healer,Anticipation,Magic Bounce
988,Hattrem,Normal,Serene Pokémon,Psychic,,48,40,65,49,Healer,Anticipation,Magic Bounce
989,Hatterene,Normal,Silent Pokémon,Psychic,Fairy,50,90,95,29,Healer,Anticipation,Magic Bounce
990,Impidimp,Normal,Wily Pokémon,Dark,Fairy,55,45,30,50,Prankster,Frisk,Pickpocket
991,Morgrem,Normal,Devious Pokémon,Dark,Fairy,125,60,45,70,Prankster,Frisk,Pickpocket
992,Grimmsnarl,Normal,Bulk Up Pokémon,Dark,Fairy,610,120,65,60,Prankster,Frisk,Pickpocket
993,Obstagoon,Normal,Blocking Pokémon,Dark,Normal,460,90,101,95,Reckless,Guts,Defiant
994,Perrserker,Normal,Viking Pokémon,Steel,,280,110,100,50,Battle Armor,Tough Claws,Steely Spirit
995,Cursola,Normal,Coral Pokémon,Ghost,,4,95,50,30,Weak Armor,,Perish Body
996,Sirfetch'd,Normal,Wild Duck Pokémon,Fighting,,1170,135,95,65,Steadfast,,Scrappy
997,Mr. Rime,Normal,Comedian Pokémon,Psychic,Ice,582,85,75,70,Tangled Feet,Screen Cleaner,Ice Body
998,Runerigus,Normal,Grudge Pokémon,Ground,Ghost,666,95,145,30,Wandering Spirit,,
999,Milcery,Normal,Cream Pokémon,Fairy,,3,40,40,34,Sweet Veil,,Aroma Veil
1000,Alcremie,Normal,Cream Pokémon,Fairy,,5,60,75,64,Sweet Veil,,Aroma Veil
1001,Falinks,Normal,Formation Pokémon,Fighting,,620,100,100,75,Battle Armor,,Defiant
1002,Pincurchin,Normal,Sea Urchin Pokémon,Electric,,10,101,95,15,Lightning Rod,,Electric Surge
1003,Snom,Normal,Worm Pokémon,Ice,Bug,38,25,35,20,Shield Dust,,Ice Scales
1004,Frosmoth,Normal,Frost Moth Pokémon,Ice,Bug,420,65,60,65,Shield Dust,,Ice Scales
1005,Stonjourner,Normal,Big Rock Pokémon,Rock,,5200,125,135,70,Power Spot,,
1006,Eiscue Ice Face,Normal,Penguin Pokémon,Ice,,890,80,110,50,Ice Face,,
1007,Eiscue Noice Face,Normal,Penguin Pokémon,Ice,,890,80,70,130,Ice Face,,
1008,Indeedee Male,Normal,Emotion Pokémon,Psychic,Normal,280,65,55,95,Inner Focus,Synchronize,Psychic Surge
1009,Indeedee Female,Normal,Emotion Pokémon,Psychic,Normal,280,55,65,85,Own Tempo,Synchronize,Psychic Surge
1010,Morpeko Full Belly Mode,Normal,Two-Sided Pokémon,Electric,Dark,30,95,58,97,Hunger Switch,,
1011,Morpeko Hangry Mode,Normal,Two-Sided Pokémon,Electric,Dark,30,95,58,97,Hunger Switch,,
1012,Cufant,Normal,Copperderm Pokémon,Steel,,1000,80,49,40,Sheer Force,,Heavy Metal
1013,Copperajah,Normal,Copperderm Pokémon,Steel,,6500,130,69,30,Sheer Force,,Heavy Metal
1014,Dracozolt,Normal,Fossil Pokémon,Electric,Dragon,1900,100,90,75,Volt Absorb,Hustle,Sand Rush
1015,Arctozolt,Normal,Fossil Pokémon,Electric,Ice,1500,100,90,55,Volt Absorb,Static,Slush Rush
1016,Dracovish,Normal,Fossil Pokémon,Water,Dragon,2150,90,100,75,Water Absorb,Strong Jaw,Sand Rush
1017,Arctovish,Normal,Fossil Pokémon,Water,Ice,1750,90,100,55,Water Absorb,Ice Body,Slush Rush
1018,Duraludon,Normal,Alloy Pokémon,Steel,Dragon,400,95,115,85,Light Metal,Heavy Metal,Stalwart
1019,Dreepy,Normal,Lingering Pokémon,Dragon,Ghost,20,60,30,82,Clear Body,Infiltrator,Cursed Body
1020,Drakloak,Normal,Caretaker Pokémon,Dragon,Ghost,110,80,50,102,Clear Body,Infiltrator,Cursed Body
1021,Dragapult,Normal,Stealth Pokémon,Dragon,Ghost,500,120,75,142,Clear Body,Infiltrator,Cursed Body
1022,Zacian Crowned Sword,Legendary,Warrior Pokémon,Fairy,Steel,3550,170,115,148,Intrepid Sword,,
1023,Zacian Hero of Many Battles,Legendary,Warrior Pokémon,Fairy,,1100,130,115,138,Intrepid Sword,,
1024,Zamazenta Crowned Shield,Legendary,Warrior Pokémon,Fighting,Steel,7850,130,145,128,Dauntless Shield,,
1025,Zamazenta Hero of Many Battles,Legendary,Warrior Pokémon,Fighting,,2100,130,115,138,Dauntless Shield,,
1026,Eternatus,Legendary,Gigantic Pokémon,Poison,Dragon,9500,85,95,130,Pressure,,
1027,Eternatus Eternamax,Legendary,Gigantic Pokémon,Poison,Dragon,,115,250,130,,,
